original_path	release_path	source_sha256
LICENSE	LICENSE	c71d239df91726fc519c6eb72d318ec65820627232b2f796219e87dcf35d0ab4
ascd_alias_guard.py	ascd_alias_guard.py	6633ba9e08e41d3e19c55831026c7793dbf75af16b9705c9d8de20d252c000e4
ascd_allpath.py	ascd_allpath.py	8067f6e28ba56038719c476ca275d10efe9912a112b5dc4efebf1cb02842be6b
ascd_cei.py	ascd_cei.py	0d06652921335b1456b4535ff78a0932f40aa68a5e4bc4059e8efabb70fbdcde
ascd_cei_runtime.py	ascd_cei_runtime.py	c7f7379d4a49a76a26f7cb0f6a4ee00ed4dae0aa3b5b68299c2570da5cc877b5
ascd_clearsight.py	ascd_clearsight.py	55c8ea3d698b48c9ce89852e1c63dd66bbaa7b9603fb5b581a5508dc31c766ee
ascd_context_entropy.py	ascd_context_entropy.py	6e3de80f202e17b84c4f0410992978fb03ed4e1bea8a46057e15d65fab509e5c
ascd_crops.py	ascd_crops.py	7e6c97e31b74b3c33a49ae919057c05d31168370189f5709a6b97566f69ea041
ascd_crops_runtime.py	ascd_crops_runtime.py	b5d42cb4917c9e0b52034aa83489cbec9b01f3e17e9f57ca6334098135439625
ascd_deco.py	ascd_deco.py	719fb763d9d1f22c853d025da369db834137ff12309f3dec7c58dc9cbbbccbb3
ascd_detector_comparative.py	ascd_detector_comparative.py	b3d31e2fa688135c1c52bb1169aa718635b85e2e4830e376f1c3e4dc374592d1
ascd_detector_grounded.py	ascd_detector_grounded.py	59e42ba75cf3360898da94705b880ae4d0faefd6329977762ebbf853967a6046
ascd_dive.py	ascd_dive.py	f1d9315232a7a35efee47ef7558ba5626d824d7dccc7f360f3bdad34ee56a0f5
ascd_dive_runtime.py	ascd_dive_runtime.py	76438b3bae04dedac0cec8e77e26cb70231c17e1b43908b2cdb0003ca206516e
ascd_fuzzycd.py	ascd_fuzzycd.py	f2aa5dc9992be8aa90b7740f949764b611fd5c4fa8a087ec7cf973de014c39c5
ascd_inter.py	ascd_inter.py	5c5bf951ebe4e277a53151343daf6ade3c8cc570bb6d7a8c3819df7e8b8ba610
ascd_mfcd.py	ascd_mfcd.py	e54072b946d4845874a0f15165b8c2411d268278b7d70cc5e61b4728cade988e
ascd_mole.py	ascd_mole.py	0956ca5865497c719a12845cb5d4d344f40f60c10f8f7c97aa2228dcc4b89984
ascd_only.py	ascd_only.py	494175b32d9fe377f6fc44095a24cebfb9a57124236dccbc44d59cad56e59826
ascd_selfaug.py	ascd_selfaug.py	b05eb7aa91b61d9a8f9889fc3f8fe159f6fa0e24f07fda950e983163b3858fff
ascd_selfaug_runtime.py	ascd_selfaug_runtime.py	7248f6873468cc53a97bdf66be8f91b49704cf6639ddbedea187f51c0a022707
ascd_soft_grounded.py	ascd_soft_grounded.py	72117152cac7bb45f10daefc9faac37619678c039b8daaf8c467a5bc4588cc9f
ascd_sumgd.py	ascd_sumgd.py	cfaa5da9e97ec6908b99fd1c8bfb3120a680fedff558a740c8abfd529bec020b
ascd_verifier_constrained.py	ascd_verifier_constrained.py	2d1633a804b82f3036e37ae4cf31d0e9fbe470be66c5ed4c7092aa5fc0500b43
ascd_vhr.py	ascd_vhr.py	b02e15d2644a5035c371da0eb517451b4917b9f3603e4d4a1e7913e234aaf7ae
ascd_vista.py	ascd_vista.py	7b3af7bfe8d82f585c6754ab5a2320b5a5dee80631ea78d20862386354f64256
ascd_vista_runtime.py	ascd_vista_runtime.py	8ee1990fe6c66a4e35c9b16e2ab9f50642ba52ac1cb3bd5d4f0af6c48f20cbdb
experiments_v3/eval/chair_utils.py	experiments_v3/eval/chair_utils.py	85037c1d31a2d64fc2ece3ba9bd03027eea6c425a7da8b5601da832acb3b4218
experiments_v3/eval/compare_diagnostic_runs.py	experiments_v3/eval/compare_diagnostic_runs.py	2196dfaba597b69fb9715131e29e02ec72053734a959ab804fc9fbf78b9e5dd3
experiments_v3/eval/eval_pope.py	experiments_v3/eval/eval_pope.py	64893fea4a128ce91fa5a55c9245cec4a10a527fb7679b4f0f09983f392fb1c3
experiments_v3/eval/model_vqa_amber_detector.py	experiments_v3/eval/model_vqa_amber_detector.py	3b2e97f81083c2b618a7bad438d47b549d0eb86567dbb4962d786640ef6b7b1e
experiments_v3/eval/model_vqa_amber_vanilla.py	experiments_v3/eval/model_vqa_amber_vanilla.py	c2a8ddc04fb2ad47cfbb3a3690fc2e349cb6716cc721476422aee97fd64c9463
experiments_v3/eval/model_vqa_chair-qwen.py	experiments_v3/eval/model_vqa_chair-qwen.py	7d9379d2fc24b079780d1f05c3731fb0e4f07f1a343a248d0580aa9871d1bc67
experiments_v3/eval/model_vqa_chair.py	experiments_v3/eval/model_vqa_chair.py	f483738e3d81d444ae1b587b82fd91a4946e062b64fe590901256a93106c5585
experiments_v3/eval/model_vqa_chair_vanilla.py	experiments_v3/eval/model_vqa_chair_vanilla.py	2af5d845f6206aa53ca9a628f5c5d9f3df86f936cd49e6410635a34eaf02cba5
experiments_v3/eval/model_vqa_loader.py	experiments_v3/eval/model_vqa_loader.py	f1b5bb1da21294fbda0793f123a441dd1c9af103c1d648d86488847399ac1813
experiments_v3/eval/model_vqa_pope_detector.py	experiments_v3/eval/model_vqa_pope_detector.py	ddc9b9883b6747ea3612830be33b7d0ea4306112a1ba350465dbd23715bf0cb8
experiments_v3/eval/summarize_token_diagnostics.py	experiments_v3/eval/summarize_token_diagnostics.py	3be18783b9117492596ce1b974c211acc8f12da178d78f28ddd7c837ee0be420
experiments_vcd/eval/model_vqa_chair_vcd.py	experiments_vcd/eval/model_vqa_chair_vcd.py	53b8c35373631de21507ea0600b25ce6468585ac9a2f33283b407ef0d2935954
experiments_vcd/eval/vcd_utils.py	experiments_vcd/eval/vcd_utils.py	55c3da25a42c19affb625a7214a58caf1de4f5ae35c3f0a0156c631e94d2155d
experiments_vcd/eval/vcd_utils_phi.py	experiments_vcd/eval/vcd_utils_phi.py	7173308e9c654730d4bea6a962f3c34a3fa71a95ffaacc88630013e634c18e11
pyproject.toml	pyproject.toml	e63bde636e1082351e326d21dd201b0453904d3cf96ef995d7a519f7a6600d2c
reproduction_notes/amber_hard_detector_ascd_20260826/analyze_amber_full_transitions.py	reproduction_notes/amber_hard_detector_ascd_20260826/analyze_amber_full_transitions.py	5993f15baa6d80c0c52c88e782ad5d595eb16a938bfb1f32e91706bef7ce1ace
reproduction_notes/amber_hard_detector_ascd_20260826/extract_figure_case_candidates.py	reproduction_notes/amber_hard_detector_ascd_20260826/extract_figure_case_candidates.py	4e8b38eb99b8947d3376534814da57c082677bc13ded7ab0743456b1cc4f4236
reproduction_notes/amber_hard_detector_ascd_20260826/score_amber_paired.py	reproduction_notes/amber_hard_detector_ascd_20260826/score_amber_paired.py	f8e26fd12055b13577eeedf23119204f8ced38b38d16615e1a655cc98c71b8f8
reproduction_notes/amber_hard_detector_ascd_20260826/score_amber_paired_cached_vectorized.py	reproduction_notes/amber_hard_detector_ascd_20260826/score_amber_paired_cached_vectorized.py	82fd256291abc871ebbab5a13163fc71b575d9728a3a4ac6a396d919c17cbee0
reproduction_notes/amber_hard_detector_ascd_20260826/score_amber_paired_vectorized.py	reproduction_notes/amber_hard_detector_ascd_20260826/score_amber_paired_vectorized.py	ec696a851f74a70665afc47d634c60be2e0135a71c0d3b24ee380c4f96d06788
reproduction_notes/amber_hard_detector_ascd_20260826/test_amber_adapter.py	reproduction_notes/amber_hard_detector_ascd_20260826/test_amber_adapter.py	73d359b18e9f52b604e3d70b25974e0d195ba3cf73deb72fdbb34d6d459f61f4
reproduction_notes/detector_efficiency_amber_20260827/model_vqa_amber_warm_score_cache.py	reproduction_notes/detector_efficiency_amber_20260827/model_vqa_amber_warm_score_cache.py	abbb8e71fc27fec95fa708ba6358b03128b72554bf8e2ea755ebdbcc1fa8ec6f
reproduction_notes/detector_efficiency_amber_20260827/precompute_detector_score_cache.py	reproduction_notes/detector_efficiency_amber_20260827/precompute_detector_score_cache.py	0a491974e31138bfd99d9b567e1387df652392e0703df2bcb114bd9a21b777b6
reproduction_notes/detector_efficiency_amber_20260827/summarize_amber_efficiency.py	reproduction_notes/detector_efficiency_amber_20260827/summarize_amber_efficiency.py	eb2121bb4add0e292ccd9bce821fe2840474481836087f34337d84cec59ae388
reproduction_notes/detector_efficiency_amber_20260827/validate_detector_score_cache.py	reproduction_notes/detector_efficiency_amber_20260827/validate_detector_score_cache.py	36d3942e3e688e53381056e5d85dcf9e53afdfaeeb654091617448792cb63a2b
reproduction_notes/detector_grounded_ascd_20260821/test_detector_grounded.py	reproduction_notes/detector_grounded_ascd_20260821/test_detector_grounded.py	8b6beee9b9cf79fe4614ef46fac1b70a2e27d36c6a7a2674cc66ae8372961681
reproduction_notes/detector_grounded_ascd_qwen_20260821/test_qwen_detector_wiring.py	reproduction_notes/detector_grounded_ascd_qwen_20260821/test_qwen_detector_wiring.py	49de178af5912bdf16426a96f78692c30084906e3abae5df3034ac44b46603fc
reproduction_notes/hard_detector_pope_evaluation_20260824/score_pope_paired.py	reproduction_notes/hard_detector_pope_evaluation_20260824/score_pope_paired.py	0f72f3de433d8e13a287ae471292a29fc3f74a5de4a188037a41a6893a546615
reproduction_notes/vcd_unified_baseline_20260910/derive_primary.py	reproduction_notes/vcd_unified_baseline_20260910/derive_primary.py	ea225c707c65926522611cbf76d418795933d3dd135261f529da3b492fa82b4f
text_centric_heads/hallucination-heads-score-map-top32-llava1.5.pt	text_centric_heads/hallucination-heads-score-map-top32-llava1.5.pt	8a5eff2806fdbb1e8df686038e44be51852553af17ca3d0e301ccd2f2b2f5d7a
text_centric_heads/hallucination-heads-score-map-top64-qwen-local-disjoint-20260812.pt	text_centric_heads/hallucination-heads-score-map-top64-qwen-local-disjoint-20260812.pt	3737ad08a8a9a56d38e6ff33587665057b1b7c588f47e66b0b636b094f431dc2
ascd_utils_v3/__init__.py	ascd_utils_v3/__init__.py	c6f48960977683f112a7f5c602d50d32e4ccd1d3672103dbdcd51496df7f32d6
ascd_utils_v3/ascd_models_v3.py	ascd_utils_v3/ascd_models_v3.py	3025dc2579f4c8723fa039a4ff703f23f71108ffe3c139a9625a2055192af64b
ascd_utils_v3/ascd_models_v3_mistral.py	ascd_utils_v3/ascd_models_v3_mistral.py	0ee95a9864851cb4fb5717e63b73ad97dc779efed622a2a1058398b68cd01498
ascd_utils_v3/ascd_models_v3_phi.py	ascd_utils_v3/ascd_models_v3_phi.py	4edf3aa39591f21dd9ebc5f487ffdc347ad70016e67f1d33242bd34048a5bf2e
ascd_utils_v3/ascd_utils_v3.py	ascd_utils_v3/ascd_utils_v3.py	1ee033930b705bedb10ec497a3912df2804983f465e11b39396db932a828ed17
ascd_utils_v3/contrastive_sample.py	ascd_utils_v3/contrastive_sample.py	71086328888928f4c92d30a6442e2eafc8f9e2c8f22cb14692d7a807422db52a
ascd_utils_v3_qwen/__init__.py	ascd_utils_v3_qwen/__init__.py	102d670955bd9dd0a8ae99bc3ed823477eb7f83563210aedf95333d41727e126
ascd_utils_v3_qwen/ascd_models_v3_qwen.py	ascd_utils_v3_qwen/ascd_models_v3_qwen.py	ac845d456474c8844315196b4f377da70e7989b55911b5dc4644bd6e48639651
ascd_utils_v3_qwen/ascd_utils_v3.py	ascd_utils_v3_qwen/ascd_utils_v3.py	956fff41056492e3351cb62af37176201e333885e83e6cece0b73ea7038a8623
ascd_utils_v3_qwen/contrastive_sample.py	ascd_utils_v3_qwen/contrastive_sample.py	33debfc58013e487b7515824777db042d6073d055b011e7adf4c44eaa6e8af01
llava/__init__.py	llava/__init__.py	52508db720555fae39081e92e8b7f26244df4153b5f3f6bc7bd4a647b7071310
llava/constants.py	llava/constants.py	05caa532060f61b30cada5ba23da0f4bf640c898298913f768653583482e5901
llava/conversation.py	llava/conversation.py	f403a7ff8364faed6a8396edb28c9dedfab9a411e1d691a7d51a9cf63141800f
llava/eval/eval_gpt_review.py	llava/eval/eval_gpt_review.py	6eaa69df1c2505dd60f827dc4b37ac469c693a30b6566a3743d97fd3b839d318
llava/eval/eval_gpt_review_bench.py	llava/eval/eval_gpt_review_bench.py	fd6a2c3ed99b0b2881e056160c03aab17f7ea5879b9e03fd993381b4d47e63f2
llava/eval/eval_gpt_review_visual.py	llava/eval/eval_gpt_review_visual.py	a0bd7f0900ed11c047906b4360e003233f1537bedca0e22f4153dceed696b0eb
llava/eval/eval_pope.py	llava/eval/eval_pope.py	a4fe52fad8387f104dd66192f50089fe2991d651cf62fb79f07670cefd932845
llava/eval/eval_science_qa.py	llava/eval/eval_science_qa.py	e57b92cafc7a4c0d0228bc0554a4315ef808e844d009dcaafa3b0f6ac693fbaf
llava/eval/eval_science_qa_gpt4.py	llava/eval/eval_science_qa_gpt4.py	979374e63d47b1c83b5b57fa8b47770d7c526ff3656b0709c5162fdb7f5cc7b2
llava/eval/eval_science_qa_gpt4_requery.py	llava/eval/eval_science_qa_gpt4_requery.py	9652b38ad7826e95071fbcd88fcc5f72f114ebab6729b10c479bb0a6824a7cd6
llava/eval/eval_textvqa.py	llava/eval/eval_textvqa.py	e78fdd1ae8fdf94c46053c14f7d65f20707b6a0c324c632b841dde5ef04783a0
llava/eval/generate_webpage_data_from_table.py	llava/eval/generate_webpage_data_from_table.py	617dee4abe58ea5b2a74493b01241ac1689a27c33db600d4a7b3417aa865a133
llava/eval/m4c_evaluator.py	llava/eval/m4c_evaluator.py	8b49e1033e29d551c0bdd86d9149e2b54370e4cd17e52176ac9061b3521f0774
llava/eval/model_qa.py	llava/eval/model_qa.py	8f30a51cc471a977dfa731844ec4d36f33fec15f9ec6f1f8503d1e068f341ec4
llava/eval/model_vqa.py	llava/eval/model_vqa.py	51e892a0d3e2b23572b951fb6d99f8a1b2aec976fc9e299a4493a7d60dd9c94b
llava/eval/model_vqa_loader.py	llava/eval/model_vqa_loader.py	c91a9ea3b5cb4cc27799ba9585a0d2a1f33c37ed822ae21ba4b5b20444f90681
llava/eval/model_vqa_mmbench.py	llava/eval/model_vqa_mmbench.py	e4c9234a948f8ac9cca95a55a5a2c5d0d0f04aa611c21d62736a5266599be242
llava/eval/model_vqa_science.py	llava/eval/model_vqa_science.py	0a36c1ad38d47d006799893ccb8a0e71d8944765bb86924597533535ec1cd4cf
llava/eval/qa_baseline_gpt35.py	llava/eval/qa_baseline_gpt35.py	f10aee9bce58619a097d3dfb29335b4b437872a4d482f350b614b248622eaca7
llava/eval/run_llava.py	llava/eval/run_llava.py	d92adf2e91aec9af9280da4662482f943de49a71f3ee29803e06adc5287b482b
llava/eval/summarize_gpt_review.py	llava/eval/summarize_gpt_review.py	e5d8856867207f3729877d233f74cb12240d5c998650f22b1aec0ba67c21740b
llava/mm_utils.py	llava/mm_utils.py	5551c1a52ea5e7d6e4ae5ad5da430271b0cd648b044a9b812127a49f46895bcf
llava/model/__init__.py	llava/model/__init__.py	e5f17cae8074a0e5881469a279241e1218a72f44c8d0504dfbe0185db484e2d1
llava/model/add_noise.py	llava/model/add_noise.py	b8762cb0ca00b20a409ba1e18a3cf1f7510a0fe6b52d26660691b05ec8131120
llava/model/apply_delta.py	llava/model/apply_delta.py	ddf4b680787dd76e659806c96e6cee5c156b913ff6f6e78aa70a347594b8ad79
llava/model/builder.py	llava/model/builder.py	901a83fe993168b60e5632872ce230aa23e7c404e5e1b3f1ea04cd13d6dc9b81
llava/model/consolidate.py	llava/model/consolidate.py	d7d8c75a1173ab3b616a84093c98e7d1e04783de7489644a34816c3e7d88df9f
llava/model/language_model/llava_llama.py	llava/model/language_model/llava_llama.py	e27008f08381a6ddc9b4ed9a2ccf444330ced9adc9386215285955b15b4141ea
llava/model/language_model/llava_mistral.py	llava/model/language_model/llava_mistral.py	1a52e07e7cdfd3d8c2cba95733588718e85ce84750f2f34f541e4212f3c1e929
llava/model/language_model/llava_mpt.py	llava/model/language_model/llava_mpt.py	1a4a8e900501299dcae2839053c45a6cfe3ab601189010952f4bba5b85c5e3e8
llava/model/llava_arch.py	llava/model/llava_arch.py	2983e7a57eae1cd2bdd4264c50199ef349958fa8e01f3bbf5a4d1b620ca03414
llava/model/make_delta.py	llava/model/make_delta.py	c315a9bf0c288cff8a5de1aba46ad348ae544de94439b0e8c36ad6fc260fdad2
llava/model/multimodal_encoder/builder.py	llava/model/multimodal_encoder/builder.py	cfd991512d808afd8fb0639b9231dd768da1c8ab800c7539c8ed1545b7b25f76
llava/model/multimodal_encoder/clip_encoder.py	llava/model/multimodal_encoder/clip_encoder.py	47a3759c277d34447535dc3b950f7025ef20828b082254a959d2db276091601f
llava/model/multimodal_projector/builder.py	llava/model/multimodal_projector/builder.py	19f127682ffad6a7bb71a35fc7a463dbb3eb76594180ba54931bee02331a0bd9
llava/model/utils.py	llava/model/utils.py	a6beb41c51d7a124547188d10bf0b7f4ea613b1ecccf165601b96de525664241
llava/serve/__init__.py	llava/serve/__init__.py	e3b0c44298fc1c149afbf4c8996fb92427ae41e4649b934ca495991b7852b855
llava/serve/cli.py	llava/serve/cli.py	8732b39dac06e6094375acf86a0873f852e6ccc6a617334897bb2af802a0bbf4
llava/serve/controller.py	llava/serve/controller.py	987ef3d635b25636d7e7b5fe58ada38331da47a2b61a079288848ed7c1a29231
llava/serve/gradio_web_server.py	llava/serve/gradio_web_server.py	48ec823fd3675962a2811017ff4f55c52b76e207dc98bb008e13d334fc42ff2d
llava/serve/model_worker.py	llava/serve/model_worker.py	8ebb3d23906e25758e87823a9e1b461117c230e75d12c11bb424b56130cb775e
llava/serve/register_worker.py	llava/serve/register_worker.py	ebd9ba00aa2b511d3bed8145bf6713fb93e884f2032ede37c361a9b46f8f9ed4
llava/serve/sglang_worker.py	llava/serve/sglang_worker.py	4f84a338daa4da8baae28bd606fbaa26881c0dbf04775f4e590bb4c085874d6d
llava/serve/test_message.py	llava/serve/test_message.py	ba1ca43e31211053d0e3f7cb966189c81b106278a93b45bd2c030b10e58b21e8
llava/train/llama_flash_attn_monkey_patch.py	llava/train/llama_flash_attn_monkey_patch.py	06ce5f55f3c1b2fdb4d0678ee7dfb8022cc627287d05f800287cd75fc0ad2cf6
llava/train/llama_xformers_attn_monkey_patch.py	llava/train/llama_xformers_attn_monkey_patch.py	9fa5e222e76722fd3325ef0dd77d5e47378f6b6b6084b5c0f41eab90829d6fe9
llava/train/llava_trainer.py	llava/train/llava_trainer.py	b7b5d6f9b02db0a611dc82d9d6eac7862fb2a2e6b8486181d0d05a95d48a9f2c
llava/train/train.py	llava/train/train.py	f87eca266b79905df845efd6bc5e28a57fe10dd8eeaa8d08ea4de97d27ad7b06
llava/train/train_mem.py	llava/train/train_mem.py	7f8144e3428598160a53cf8ee245ace1339fc448c189f8baf56c358202e2ad31
llava/train/train_xformers.py	llava/train/train_xformers.py	92c93c66cddc4aa5c39e7f1064bc3c3901d69346bf89bee3f16380532daeae47
llava/utils.py	llava/utils.py	b51a3ef996597b7d8b7a54e280529985a7154992bd863209bdbc761b8b397102
lavis/__init__.py	lavis/__init__.py	6ad1f5f087ec8ff32c3a3ec50431026d45a0e3f6d0c9332e206a576b44b40d86
lavis/common/annotator/canny/__init__.py	lavis/common/annotator/canny/__init__.py	29d8aa0ae674f53b54d478b54c10a7ae09fbae34074e297ced722bf0d65b61ef
lavis/common/annotator/hed/__init__.py	lavis/common/annotator/hed/__init__.py	2ab01534d74a76ae1316614c87f6d97b04d8977cfbfcf9559d664e78d24189a9
lavis/common/annotator/midas/__init__.py	lavis/common/annotator/midas/__init__.py	b31d205aa975027a25ae0df18f52a66001d722e62ea3cc008fdd46064cb38ffa
lavis/common/annotator/midas/api.py	lavis/common/annotator/midas/api.py	451ce5815442b967e0dac932f4baf0f38a91b3f1576d6415f5aefadb668f8cd5
lavis/common/annotator/midas/midas/__init__.py	lavis/common/annotator/midas/midas/__init__.py	e3b0c44298fc1c149afbf4c8996fb92427ae41e4649b934ca495991b7852b855
lavis/common/annotator/midas/midas/base_model.py	lavis/common/annotator/midas/midas/base_model.py	a50dc79482afbcd023a3c401d17d21e5f8b5c0c51c9060ef849a75bd1816496b
lavis/common/annotator/midas/midas/blocks.py	lavis/common/annotator/midas/midas/blocks.py	1b1b9051b18c7781db4f582e4c3e7796b51ed7daf17e56c125ea4b5da269b332
lavis/common/annotator/midas/midas/dpt_depth.py	lavis/common/annotator/midas/midas/dpt_depth.py	a90a789b052f9672c1dbe5106c2671802f9a085e11488467844fae7f1b7d6c3a
lavis/common/annotator/midas/midas/midas_net.py	lavis/common/annotator/midas/midas/midas_net.py	04483f4377e930b341483a27e6a58410c683c686a177776458d24e35deec3b98
lavis/common/annotator/midas/midas/midas_net_custom.py	lavis/common/annotator/midas/midas/midas_net_custom.py	0c3aa730942911186085acf4b1540853444f1c0575b971680101e8667ca7b6cb
lavis/common/annotator/midas/midas/transforms.py	lavis/common/annotator/midas/midas/transforms.py	ab3d20b77065606332e6a9bac96a44f60f22923a7848d62b57b5690959a9883d
lavis/common/annotator/midas/midas/vit.py	lavis/common/annotator/midas/midas/vit.py	cfbdc4709082b9cff3fbcb8fc04d60458e0e185afbe35f3f62cdcbbce83420bc
lavis/common/annotator/midas/utils.py	lavis/common/annotator/midas/utils.py	19cf2fdfdba7bb6ad83d44571c01a31c8d973f84bc7aee9fdf53ae3acc68db08
lavis/common/annotator/mlsd/__init__.py	lavis/common/annotator/mlsd/__init__.py	91371d56bd4185eb4fcdebf2f91112917a06737c8c048d16d0eac554bd47ba58
lavis/common/annotator/mlsd/models/mbv2_mlsd_large.py	lavis/common/annotator/mlsd/models/mbv2_mlsd_large.py	8a86fa44a95c9d8cb2b8aa53837dad7bdf009036872d9de53ba55b403fa88dd0
lavis/common/annotator/mlsd/models/mbv2_mlsd_tiny.py	lavis/common/annotator/mlsd/models/mbv2_mlsd_tiny.py	c20bd6a7e869a44c0e63d78491fb12ca2c866a4f6ce77f8dfdd21eaee099a4eb
lavis/common/annotator/mlsd/utils.py	lavis/common/annotator/mlsd/utils.py	ca048d2003f122927eb3ab12c73a210f8b1e8e369ed61827ff742ee6600a3663
lavis/common/annotator/openpose/__init__.py	lavis/common/annotator/openpose/__init__.py	b77f1c880293173d9fe0ef7b9577719075c8b0cb4d5da6083d6904e1c72e5532
lavis/common/annotator/openpose/body.py	lavis/common/annotator/openpose/body.py	94203cc5937d15890de8483a3e05827c7ebb4439052e9f0fd67927f944ae8bc3
lavis/common/annotator/openpose/hand.py	lavis/common/annotator/openpose/hand.py	dbc5e3cdeefdf3d97b18457e9bcdb9db680416f9cecd66c356f878fdd31dda77
lavis/common/annotator/openpose/model.py	lavis/common/annotator/openpose/model.py	f5773afb98e96dff6e5b6fb7e70574f1c118040ac3590a221746a42d457a15d3
lavis/common/annotator/openpose/util.py	lavis/common/annotator/openpose/util.py	877c0782359b142bf1112092f63bdc5635acc05db7e4e28a40e191dc309865fe
lavis/common/annotator/uniformer/__init__.py	lavis/common/annotator/uniformer/__init__.py	0ff2f4fafc5a89abf75326f2334e6578ed71d37b41ca95945589a7740f854527
lavis/common/annotator/uniformer/configs/_base_/datasets/ade20k.py	lavis/common/annotator/uniformer/configs/_base_/datasets/ade20k.py	459bd6f0ec5777eb9389223308b5fb1d7cd32bb2a3c3f88496163c5ed2eb8ac4
lavis/common/annotator/uniformer/configs/_base_/datasets/chase_db1.py	lavis/common/annotator/uniformer/configs/_base_/datasets/chase_db1.py	d3689b3563b8860c02efefb625f54774da333af6326ffc9718eadac3323e3e86
lavis/common/annotator/uniformer/configs/_base_/datasets/cityscapes.py	lavis/common/annotator/uniformer/configs/_base_/datasets/cityscapes.py	c6ea2a739b267604acf56dfd59797ac7d9084581442670192b2cd950767ca08f
lavis/common/annotator/uniformer/configs/_base_/datasets/cityscapes_769x769.py	lavis/common/annotator/uniformer/configs/_base_/datasets/cityscapes_769x769.py	ab176dacf4ee4e4fc64cd387c93d60bfb58ab58ab7cace179d558ac2f0d3b0ef
lavis/common/annotator/uniformer/configs/_base_/datasets/drive.py	lavis/common/annotator/uniformer/configs/_base_/datasets/drive.py	d032bd4d7a7294bb3cc3d19d41b56f5eb5d3641214deab96f328ca2b680941c8
lavis/common/annotator/uniformer/configs/_base_/datasets/hrf.py	lavis/common/annotator/uniformer/configs/_base_/datasets/hrf.py	b926364b20ae12ecc981004c9e173815e822a7baeec1f49a0b69066be43318ec
lavis/common/annotator/uniformer/configs/_base_/datasets/pascal_context.py	lavis/common/annotator/uniformer/configs/_base_/datasets/pascal_context.py	cf985a156508a4a79c195ba3dd154ae9372a5b1c5aeda05e86f1c3fb1ef93fe9
lavis/common/annotator/uniformer/configs/_base_/datasets/pascal_context_59.py	lavis/common/annotator/uniformer/configs/_base_/datasets/pascal_context_59.py	361eb60eaed118043d136da578ef12c86c07760c18f6df0ef293db49b59e28c3
lavis/common/annotator/uniformer/configs/_base_/datasets/pascal_voc12.py	lavis/common/annotator/uniformer/configs/_base_/datasets/pascal_voc12.py	b9fac8609d3c8d8a3536803b53a1222ba2d6f02af6b1638b7e78af4ab233805b
lavis/common/annotator/uniformer/configs/_base_/datasets/pascal_voc12_aug.py	lavis/common/annotator/uniformer/configs/_base_/datasets/pascal_voc12_aug.py	b61d01edccac1a2622944761a50772a54b4848cd9e4817c25551f2cccdd05a08
lavis/common/annotator/uniformer/configs/_base_/datasets/stare.py	lavis/common/annotator/uniformer/configs/_base_/datasets/stare.py	a47888eac0da9e44f65d9f2d0ecc1cff551d53c31444f9c96a7ef5a933ed3ebe
lavis/common/annotator/uniformer/configs/_base_/default_runtime.py	lavis/common/annotator/uniformer/configs/_base_/default_runtime.py	27e0d1e40cf3956e2af35b8de32436eb78f91715570ba435144b29b515b1b5a1
lavis/common/annotator/uniformer/configs/_base_/models/ann_r50-d8.py	lavis/common/annotator/uniformer/configs/_base_/models/ann_r50-d8.py	ae4bc1fd4fe08725db1089b667974641afadaf09513c8317fce3896de113e0ac
lavis/common/annotator/uniformer/configs/_base_/models/apcnet_r50-d8.py	lavis/common/annotator/uniformer/configs/_base_/models/apcnet_r50-d8.py	17fbd2e014bbcddd032722e1bf8d8c22daee376efedd557b3a66378e02b39a1e
lavis/common/annotator/uniformer/configs/_base_/models/ccnet_r50-d8.py	lavis/common/annotator/uniformer/configs/_base_/models/ccnet_r50-d8.py	a54023fd5e303030c38867c955bff9e44d845f457a83357bc5b3a47e591b9d17
lavis/common/annotator/uniformer/configs/_base_/models/cgnet.py	lavis/common/annotator/uniformer/configs/_base_/models/cgnet.py	004b3e0d8aec6c650bcff053850483df2daad34f6fbcc18fdc09d73f7e0bb0f8
lavis/common/annotator/uniformer/configs/_base_/models/danet_r50-d8.py	lavis/common/annotator/uniformer/configs/_base_/models/danet_r50-d8.py	3777d4597c53188399985edd5dbec0b061c8c3a2f090e3ae37e30d8247551e4b
lavis/common/annotator/uniformer/configs/_base_/models/deeplabv3_r50-d8.py	lavis/common/annotator/uniformer/configs/_base_/models/deeplabv3_r50-d8.py	06567fc931bf2e4d57ac48838bac0822d41f516cff6440db7305d679f741da80
lavis/common/annotator/uniformer/configs/_base_/models/deeplabv3_unet_s5-d16.py	lavis/common/annotator/uniformer/configs/_base_/models/deeplabv3_unet_s5-d16.py	a92c9eee838fad687a2fa9009c386fa55c685108303ed78d88567c2e5132e2c1
lavis/common/annotator/uniformer/configs/_base_/models/deeplabv3plus_r50-d8.py	lavis/common/annotator/uniformer/configs/_base_/models/deeplabv3plus_r50-d8.py	a7e93a6d2c4bef95a30b81ddd13a017cc772899ba354ad6b2a943134d500d487
lavis/common/annotator/uniformer/configs/_base_/models/dmnet_r50-d8.py	lavis/common/annotator/uniformer/configs/_base_/models/dmnet_r50-d8.py	3e463811503dad6107b46f205e2fb575abd9003a7e565c8c2dccfd6982235c72
lavis/common/annotator/uniformer/configs/_base_/models/dnl_r50-d8.py	lavis/common/annotator/uniformer/configs/_base_/models/dnl_r50-d8.py	038a3b42b60398282131c69f1a7d242fda2ee6a97960aeba167f86673f4d5854
lavis/common/annotator/uniformer/configs/_base_/models/emanet_r50-d8.py	lavis/common/annotator/uniformer/configs/_base_/models/emanet_r50-d8.py	a73db088bab68a566c1bbbf2aeb752a66a6b2a5d973103903d8e5b3057c0ddf8
lavis/common/annotator/uniformer/configs/_base_/models/encnet_r50-d8.py	lavis/common/annotator/uniformer/configs/_base_/models/encnet_r50-d8.py	5104565a625c74288b1d6bd89d51ee8c4dbe6ff246ca4277b7b37ee5a575ca72
lavis/common/annotator/uniformer/configs/_base_/models/fast_scnn.py	lavis/common/annotator/uniformer/configs/_base_/models/fast_scnn.py	24458a58743709ca37e7e59dd7f1a6646df36d47287b59afad6d7fc1e8fb77c1
lavis/common/annotator/uniformer/configs/_base_/models/fcn_hr18.py	lavis/common/annotator/uniformer/configs/_base_/models/fcn_hr18.py	567c5b45b97d641012753214e41083f5ef41b590d023317ea48010f9ccf0d810
lavis/common/annotator/uniformer/configs/_base_/models/fcn_r50-d8.py	lavis/common/annotator/uniformer/configs/_base_/models/fcn_r50-d8.py	70bec060fcc4b30317ba1c28a0937370ddb9f991026a03c084644d92f4ed811a
lavis/common/annotator/uniformer/configs/_base_/models/fcn_unet_s5-d16.py	lavis/common/annotator/uniformer/configs/_base_/models/fcn_unet_s5-d16.py	ade99038fe9b882cc2ba658aa238dd6a915579bc1f72d3dd8370e1b5f7db5b18
lavis/common/annotator/uniformer/configs/_base_/models/fpn_r50.py	lavis/common/annotator/uniformer/configs/_base_/models/fpn_r50.py	d11d626ef221fdb874b4caf7d3c2445a3db952a870148e953d8dac2f6efa0426
lavis/common/annotator/uniformer/configs/_base_/models/fpn_uniformer.py	lavis/common/annotator/uniformer/configs/_base_/models/fpn_uniformer.py	c8d5fe36ffc91b9067ab67727076f9529ad85215477705c0d92120944a27ba1a
lavis/common/annotator/uniformer/configs/_base_/models/gcnet_r50-d8.py	lavis/common/annotator/uniformer/configs/_base_/models/gcnet_r50-d8.py	27b575161bbf49c6799d4e4e28ba9e6b0755b86ee3467a2c68c8d99c61c944a7
lavis/common/annotator/uniformer/configs/_base_/models/lraspp_m-v3-d8.py	lavis/common/annotator/uniformer/configs/_base_/models/lraspp_m-v3-d8.py	946dbbe0f9978dfaadfb760d76395b7ea79c86ff7bdd7d7a12026af7ed82bb0e
lavis/common/annotator/uniformer/configs/_base_/models/nonlocal_r50-d8.py	lavis/common/annotator/uniformer/configs/_base_/models/nonlocal_r50-d8.py	e474840f6f163121c52546a643d86fbb0e65ace6a0753ed3535b88e2f72101f8
lavis/common/annotator/uniformer/configs/_base_/models/ocrnet_hr18.py	lavis/common/annotator/uniformer/configs/_base_/models/ocrnet_hr18.py	21e34b118307498900b7e861b81a38c76547234665556a93bf90037b489fc382
lavis/common/annotator/uniformer/configs/_base_/models/ocrnet_r50-d8.py	lavis/common/annotator/uniformer/configs/_base_/models/ocrnet_r50-d8.py	ca2cb727ec6eb2b5bc5054096538f8ec3b9ac26deeb683e13d389fb8546f9f24
lavis/common/annotator/uniformer/configs/_base_/models/pointrend_r50.py	lavis/common/annotator/uniformer/configs/_base_/models/pointrend_r50.py	0e1e53d468f0c0cc4db986cba074a40e360e5b89c05049dcfec63698f8fa29e4
lavis/common/annotator/uniformer/configs/_base_/models/psanet_r50-d8.py	lavis/common/annotator/uniformer/configs/_base_/models/psanet_r50-d8.py	dbfa0cf116e309c6aea2b2137ed9c3f0505e984aa59992a15cef9eb31b06729d
lavis/common/annotator/uniformer/configs/_base_/models/pspnet_r50-d8.py	lavis/common/annotator/uniformer/configs/_base_/models/pspnet_r50-d8.py	966c186250d2d181a6040bc61b56acb26bf75a9077493eaf492a37a3450f6470
lavis/common/annotator/uniformer/configs/_base_/models/pspnet_unet_s5-d16.py	lavis/common/annotator/uniformer/configs/_base_/models/pspnet_unet_s5-d16.py	f61bd47c40ba932eb6813a49f6427dd037cf8e3c38968249eef8da2017d4a035
lavis/common/annotator/uniformer/configs/_base_/models/upernet_r50.py	lavis/common/annotator/uniformer/configs/_base_/models/upernet_r50.py	93706d1afe120cd091ecbf3deb6ed5bf0f24ece05b628e3fa0af96c08fd1a032
lavis/common/annotator/uniformer/configs/_base_/models/upernet_uniformer.py	lavis/common/annotator/uniformer/configs/_base_/models/upernet_uniformer.py	406c2c4d16d65ad01d1c772cca210498294aae2e2c9954c25b7a505e1360b6a7
lavis/common/annotator/uniformer/configs/_base_/schedules/schedule_160k.py	lavis/common/annotator/uniformer/configs/_base_/schedules/schedule_160k.py	2933170cb151329e1d2a3e7ed794fff276717e82a1bb5f9ba888b1ed9e564fd7
lavis/common/annotator/uniformer/configs/_base_/schedules/schedule_20k.py	lavis/common/annotator/uniformer/configs/_base_/schedules/schedule_20k.py	d885992f835c08473d61e463e4beeea66f2e6ed31bfb52c7bd01890bd215e347
lavis/common/annotator/uniformer/configs/_base_/schedules/schedule_40k.py	lavis/common/annotator/uniformer/configs/_base_/schedules/schedule_40k.py	00370ad810eaf9580b3109575ec7c0004e3d58b46680b0d465a5ef87dcc5402f
lavis/common/annotator/uniformer/configs/_base_/schedules/schedule_80k.py	lavis/common/annotator/uniformer/configs/_base_/schedules/schedule_80k.py	5786028a759c085deaa81a5b23451075a8af23d250e7e52566668aac62861c61
lavis/common/annotator/uniformer/exp/upernet_global_small/config.py	lavis/common/annotator/uniformer/exp/upernet_global_small/config.py	9acc808a1fdc96b14e8adaa9a362f53379b06a6db0ce6dfc69af50b3364f51a2
lavis/common/annotator/uniformer/exp/upernet_global_small/test_config_g.py	lavis/common/annotator/uniformer/exp/upernet_global_small/test_config_g.py	73f80c461c1d9b89511fd23645f1205f89d25134c3f04cf749380e8e91c07658
lavis/common/annotator/uniformer/exp/upernet_global_small/test_config_h32.py	lavis/common/annotator/uniformer/exp/upernet_global_small/test_config_h32.py	3ac1bcde53d8642d23cbd42256b2de579b180e7fd5f26a445be30fa2a347cfa8
lavis/common/annotator/uniformer/exp/upernet_global_small/test_config_w32.py	lavis/common/annotator/uniformer/exp/upernet_global_small/test_config_w32.py	a10888df1da7a2e5f76cd3fee203ee7d2df6aed1f1e593f11e7b492277037630
lavis/common/annotator/uniformer/mmcv/__init__.py	lavis/common/annotator/uniformer/mmcv/__init__.py	5bfa997c3b1db49cf041f093f117dbf99aacdef1b87b353847b6a16b80515661
lavis/common/annotator/uniformer/mmcv/arraymisc/__init__.py	lavis/common/annotator/uniformer/mmcv/arraymisc/__init__.py	76d170b469ed59da81b04b1df97247895946a755fa15959902f7e79d7aeee8d3
lavis/common/annotator/uniformer/mmcv/arraymisc/quantization.py	lavis/common/annotator/uniformer/mmcv/arraymisc/quantization.py	2a47f954455c2f56936b11330df64c74ba440f9d9f8dea5222a95f98e47f9f33
lavis/common/annotator/uniformer/mmcv/cnn/__init__.py	lavis/common/annotator/uniformer/mmcv/cnn/__init__.py	11484a3a18e06d0915b0b6d5be3a937b54482681c2528d7f9835dcdbd744979c
lavis/common/annotator/uniformer/mmcv/cnn/alexnet.py	lavis/common/annotator/uniformer/mmcv/cnn/alexnet.py	8a62af25eaf7cf932d5246b5bde9023b18b4c682f3521ef8f8ba2e289df38094
lavis/common/annotator/uniformer/mmcv/cnn/bricks/__init__.py	lavis/common/annotator/uniformer/mmcv/cnn/bricks/__init__.py	71f516bd4d818f1be741a4d47cf8e84957767c245a3730531f8f61d88bddf4a0
lavis/common/annotator/uniformer/mmcv/cnn/bricks/activation.py	lavis/common/annotator/uniformer/mmcv/cnn/bricks/activation.py	14a8263b59fd1e509ff4740906c8cd54505c1320a7159884827841577d1bfa3f
lavis/common/annotator/uniformer/mmcv/cnn/bricks/context_block.py	lavis/common/annotator/uniformer/mmcv/cnn/bricks/context_block.py	6983fbff6c0e0c04f358828a0dc440410f5dcfc70a67095fdc3001467a1f15db
lavis/common/annotator/uniformer/mmcv/cnn/bricks/conv.py	lavis/common/annotator/uniformer/mmcv/cnn/bricks/conv.py	fb84b672230dd37b9e8ee6a6003fbda01ac9961e7ccca796aeecb78cd1443d2e
lavis/common/annotator/uniformer/mmcv/cnn/bricks/conv2d_adaptive_padding.py	lavis/common/annotator/uniformer/mmcv/cnn/bricks/conv2d_adaptive_padding.py	c3abdf9fd213ad06c5a388f7752751dc70b6e0425006187be4d674bc0e634d03
lavis/common/annotator/uniformer/mmcv/cnn/bricks/conv_module.py	lavis/common/annotator/uniformer/mmcv/cnn/bricks/conv_module.py	c203e648537537aa2f3d760979d110bf4b7d950092452088e2f9613fb1ae3157
lavis/common/annotator/uniformer/mmcv/cnn/bricks/conv_ws.py	lavis/common/annotator/uniformer/mmcv/cnn/bricks/conv_ws.py	4ed2e937ac880faace94273e6a8bf2305ddce2920185aa464ef003f2eb880c8d
lavis/common/annotator/uniformer/mmcv/cnn/bricks/depthwise_separable_conv_module.py	lavis/common/annotator/uniformer/mmcv/cnn/bricks/depthwise_separable_conv_module.py	9ec49d0d7ddf985a1aa387fbeca22c4fc256f46eea282ad1a6cdcecd26d656fe
lavis/common/annotator/uniformer/mmcv/cnn/bricks/drop.py	lavis/common/annotator/uniformer/mmcv/cnn/bricks/drop.py	aec6c4d31c433768e559458fc7964739f5d4b2b1e29c8ab079405dab4d8aab5d
lavis/common/annotator/uniformer/mmcv/cnn/bricks/generalized_attention.py	lavis/common/annotator/uniformer/mmcv/cnn/bricks/generalized_attention.py	e42fbacfaf77b94e3542e53a93baf88c3435d7d0f8548c1bcf55879c1d0673d9
lavis/common/annotator/uniformer/mmcv/cnn/bricks/hsigmoid.py	lavis/common/annotator/uniformer/mmcv/cnn/bricks/hsigmoid.py	77753a6b21811660473182d4c72e1ea008851faf1be31ed18873a1b3d6c0120d
lavis/common/annotator/uniformer/mmcv/cnn/bricks/hswish.py	lavis/common/annotator/uniformer/mmcv/cnn/bricks/hswish.py	4ea202785a962abec3bd60d35e237682d68bcf87386b2439184465967bb786d3
lavis/common/annotator/uniformer/mmcv/cnn/bricks/non_local.py	lavis/common/annotator/uniformer/mmcv/cnn/bricks/non_local.py	151b6083c2c8410cdf84ddd35076d9f3e76e65172c5691dfbf55ff78e774f578
lavis/common/annotator/uniformer/mmcv/cnn/bricks/norm.py	lavis/common/annotator/uniformer/mmcv/cnn/bricks/norm.py	285ee94ef8c0490d8435fc56a27997c8fe3ae2b185065fd36076e69d431f908b
lavis/common/annotator/uniformer/mmcv/cnn/bricks/padding.py	lavis/common/annotator/uniformer/mmcv/cnn/bricks/padding.py	5d6276667add07aa37b2a7f84d011cd75c38aad0e4130ef2adb7f47f3e701da3
lavis/common/annotator/uniformer/mmcv/cnn/bricks/plugin.py	lavis/common/annotator/uniformer/mmcv/cnn/bricks/plugin.py	e8d0d0a2f89427bd643e9c0d81f85aa713ed1f957b2f2cc67217a6068458254a
lavis/common/annotator/uniformer/mmcv/cnn/bricks/registry.py	lavis/common/annotator/uniformer/mmcv/cnn/bricks/registry.py	1d711606d3bbdf7074e82dd47b23bdeea0e4042ab6da8925562f5881da85fefe
lavis/common/annotator/uniformer/mmcv/cnn/bricks/scale.py	lavis/common/annotator/uniformer/mmcv/cnn/bricks/scale.py	2a5320811350b77fa3911e86b88412ce2651d6b1e13febc5e0b28b48bd577bc4
lavis/common/annotator/uniformer/mmcv/cnn/bricks/swish.py	lavis/common/annotator/uniformer/mmcv/cnn/bricks/swish.py	77afa552bf62f34f41beb7c5452d722a219c74afd4d095d87968af7c95870772
lavis/common/annotator/uniformer/mmcv/cnn/bricks/transformer.py	lavis/common/annotator/uniformer/mmcv/cnn/bricks/transformer.py	1b7f40deac1320302f0784a487449bcff43a48d4220caaead07bbc8816f23626
lavis/common/annotator/uniformer/mmcv/cnn/bricks/upsample.py	lavis/common/annotator/uniformer/mmcv/cnn/bricks/upsample.py	1530111d380261f2e88021da6bf300419943d0a1bcaa3f7484998fd11e0e163f
lavis/common/annotator/uniformer/mmcv/cnn/bricks/wrappers.py	lavis/common/annotator/uniformer/mmcv/cnn/bricks/wrappers.py	3869ab7bc8a1cb09acbd1d8c18e044b917b9ae4d5c0044d5571f7eb1ee2d81ad
lavis/common/annotator/uniformer/mmcv/cnn/builder.py	lavis/common/annotator/uniformer/mmcv/cnn/builder.py	42bf6b0c1efd414ba4cd79ab4e997762d26a65f6238b83243b0a70f8ff5c9d2c
lavis/common/annotator/uniformer/mmcv/cnn/resnet.py	lavis/common/annotator/uniformer/mmcv/cnn/resnet.py	7e0d42ac62753b0d812b7fced17178e433f0bab1769b37c515c9db01389032b6
lavis/common/annotator/uniformer/mmcv/cnn/utils/__init__.py	lavis/common/annotator/uniformer/mmcv/cnn/utils/__init__.py	c50782cd3d593b0e7237ff2fd79e954f721a3034c171ad048cc88336addd1fe8
lavis/common/annotator/uniformer/mmcv/cnn/utils/flops_counter.py	lavis/common/annotator/uniformer/mmcv/cnn/utils/flops_counter.py	e62df51b3d724d13e76f5f369d99984af39d1fc3db13ee13956e116932501919
lavis/common/annotator/uniformer/mmcv/cnn/utils/fuse_conv_bn.py	lavis/common/annotator/uniformer/mmcv/cnn/utils/fuse_conv_bn.py	fb8563f3a0403e40e74a21bb601d2ba23e402cb5a61a7da19a0b484a05c38439
lavis/common/annotator/uniformer/mmcv/cnn/utils/sync_bn.py	lavis/common/annotator/uniformer/mmcv/cnn/utils/sync_bn.py	c1beb22679b32b3ae791b460ac135c21408b30bd830c6379511155959da3ec4d
lavis/common/annotator/uniformer/mmcv/cnn/utils/weight_init.py	lavis/common/annotator/uniformer/mmcv/cnn/utils/weight_init.py	43f420f2a2df90b92e1c9d19cde56c92ae5e0ebe10e8167e6e3c22b702765f26
lavis/common/annotator/uniformer/mmcv/cnn/vgg.py	lavis/common/annotator/uniformer/mmcv/cnn/vgg.py	c53b7770c4832b9388f7a32f8cf8e2782c7609a46eba73ea46cec8f77c304bb3
lavis/common/annotator/uniformer/mmcv/engine/__init__.py	lavis/common/annotator/uniformer/mmcv/engine/__init__.py	c428f209f05991c7e0428efea201e97dededc169ff8eb9914b8a38c862a3e572
lavis/common/annotator/uniformer/mmcv/engine/test.py	lavis/common/annotator/uniformer/mmcv/engine/test.py	9d90be1b69b609d2d0959a1e5345358033340e2d3e054db89c3c94e01e429c59
lavis/common/annotator/uniformer/mmcv/fileio/__init__.py	lavis/common/annotator/uniformer/mmcv/fileio/__init__.py	1edff608ee4cf785fe51b5dcf5520968d306606432e3b59ed14519ac9d550b48
lavis/common/annotator/uniformer/mmcv/fileio/file_client.py	lavis/common/annotator/uniformer/mmcv/fileio/file_client.py	8a99e21d9bca3060937aa4278233c79e984d236fdb7b331aad80d0e72d721680
lavis/common/annotator/uniformer/mmcv/fileio/handlers/__init__.py	lavis/common/annotator/uniformer/mmcv/fileio/handlers/__init__.py	b6bc113f46d087ea3e2aaa400760481451fefd8a416c830d046348604619ecd9
lavis/common/annotator/uniformer/mmcv/fileio/handlers/base.py	lavis/common/annotator/uniformer/mmcv/fileio/handlers/base.py	34d95c1aef71a747d48422e2c9c0631c933daebd4bbbbf38e0af09631de15afc
lavis/common/annotator/uniformer/mmcv/fileio/handlers/json_handler.py	lavis/common/annotator/uniformer/mmcv/fileio/handlers/json_handler.py	2cd46101562660fb04e68cb5934cc2303c4660d2d9494313be7614ef712929d3
lavis/common/annotator/uniformer/mmcv/fileio/handlers/pickle_handler.py	lavis/common/annotator/uniformer/mmcv/fileio/handlers/pickle_handler.py	7c43e5ea523e9441c10acd9174cf7f6db668c799c7ddbf3f2d0711a20ee9602e
lavis/common/annotator/uniformer/mmcv/fileio/handlers/yaml_handler.py	lavis/common/annotator/uniformer/mmcv/fileio/handlers/yaml_handler.py	2bcc25228552af40cd71f8bb53ebc757b4ce6c701c65f95bc5a5aac416250f5a
lavis/common/annotator/uniformer/mmcv/fileio/io.py	lavis/common/annotator/uniformer/mmcv/fileio/io.py	b0ca1a6965560119920d08083b43039c1b290bd7a00d3d482ce463ceb4e36d59
lavis/common/annotator/uniformer/mmcv/fileio/parse.py	lavis/common/annotator/uniformer/mmcv/fileio/parse.py	667daf1d508a1a7855a8f0e43a213eab180b594a162c192dd0121a16537fc7cb
lavis/common/annotator/uniformer/mmcv/image/__init__.py	lavis/common/annotator/uniformer/mmcv/image/__init__.py	1b850f356433c00154cb03e3de1cf4bc9ae7295ad480999565b168f65f927676
lavis/common/annotator/uniformer/mmcv/image/colorspace.py	lavis/common/annotator/uniformer/mmcv/image/colorspace.py	a708aa0698fd86ab6bcb44249c5a36405259800a7b33171fcd2b7d511ab47895
lavis/common/annotator/uniformer/mmcv/image/geometric.py	lavis/common/annotator/uniformer/mmcv/image/geometric.py	c4c5fd33fccf543ead82c1590113649b6b49aa40b48b6143bf1eaaf6e062f2e2
lavis/common/annotator/uniformer/mmcv/image/io.py	lavis/common/annotator/uniformer/mmcv/image/io.py	308116f6015e6b8e677c4967e094cdafecd698d55bb7ffed4f226c8500147d75
lavis/common/annotator/uniformer/mmcv/image/misc.py	lavis/common/annotator/uniformer/mmcv/image/misc.py	c62b69782186ca48a94c4fe8b4c22d3a49c4e96e11663a78f2c7ffbb1459b387
lavis/common/annotator/uniformer/mmcv/image/photometric.py	lavis/common/annotator/uniformer/mmcv/image/photometric.py	218bf16cbfe00c7da580c44a50762347331b455eabac2587985e7f11ce528862
lavis/common/annotator/uniformer/mmcv/ops/__init__.py	lavis/common/annotator/uniformer/mmcv/ops/__init__.py	9e21cbb4c9c80ad51c2b26b9652ce049528e3161d7d2f621e988c6a0760fb856
lavis/common/annotator/uniformer/mmcv/ops/assign_score_withk.py	lavis/common/annotator/uniformer/mmcv/ops/assign_score_withk.py	8e81bcbbe290958b9c79669c4727e835a02f784a63f194a42fed6c64c0e412c7
lavis/common/annotator/uniformer/mmcv/ops/ball_query.py	lavis/common/annotator/uniformer/mmcv/ops/ball_query.py	a5f84a6f6bee7920d2b26ab8b60e442dc2cd90d12a93ba83cf999dbeee63098b
lavis/common/annotator/uniformer/mmcv/ops/bbox.py	lavis/common/annotator/uniformer/mmcv/ops/bbox.py	8cfe73f769fca20befc085be4c2469196964ed0138de211e881d773dbe9cdc42
lavis/common/annotator/uniformer/mmcv/ops/border_align.py	lavis/common/annotator/uniformer/mmcv/ops/border_align.py	eea9d5fe24832ccdc552cb4a4de39351a086e90041d99d56cd22888921cb7ed9
lavis/common/annotator/uniformer/mmcv/ops/box_iou_rotated.py	lavis/common/annotator/uniformer/mmcv/ops/box_iou_rotated.py	f0e7bc6b0e344f7d2749b55a630f8ba0c62d923e4fdfc022e9728b7c8538a253
lavis/common/annotator/uniformer/mmcv/ops/carafe.py	lavis/common/annotator/uniformer/mmcv/ops/carafe.py	a8cdedf2b5834d716dd78b3db0549bac9f0927c15ea6a7b0b9ff7ef77958cec8
lavis/common/annotator/uniformer/mmcv/ops/cc_attention.py	lavis/common/annotator/uniformer/mmcv/ops/cc_attention.py	97c1a1ba42522064434507fa8dfe2e715b5b3b68fb9e1d78ebd85b301908774c
lavis/common/annotator/uniformer/mmcv/ops/contour_expand.py	lavis/common/annotator/uniformer/mmcv/ops/contour_expand.py	9613097f0baf64f41311fac2e6100d75ac4bd8d6473782a3bd4b42130f3101bf
lavis/common/annotator/uniformer/mmcv/ops/corner_pool.py	lavis/common/annotator/uniformer/mmcv/ops/corner_pool.py	bcd2068cf12ef91d04d544e95b0769f7fd9d074cdd471341c31bcd9272de191c
lavis/common/annotator/uniformer/mmcv/ops/correlation.py	lavis/common/annotator/uniformer/mmcv/ops/correlation.py	89771da6988b6f09aedfde08bfe317876b9c320cd01fe7236beb6eb562b5d569
lavis/common/annotator/uniformer/mmcv/ops/deform_conv.py	lavis/common/annotator/uniformer/mmcv/ops/deform_conv.py	d3a1ceebd5438f4e3ff94df6078297cea8ac7123f17e47050a3b9a193999d7b8
lavis/common/annotator/uniformer/mmcv/ops/deform_roi_pool.py	lavis/common/annotator/uniformer/mmcv/ops/deform_roi_pool.py	c847469b8ee15191c683739e44e3dbd57930f1907db9d3aec3b88c0726b631a4
lavis/common/annotator/uniformer/mmcv/ops/deprecated_wrappers.py	lavis/common/annotator/uniformer/mmcv/ops/deprecated_wrappers.py	042d6cdfc12fa5bd328728b613704b18596358e8710121cd4348ec3f4136e28e
lavis/common/annotator/uniformer/mmcv/ops/focal_loss.py	lavis/common/annotator/uniformer/mmcv/ops/focal_loss.py	6f4c8270eddf4cfb75d574d4354b30f28b24b5d0af0321d18a5a0a74e704b559
lavis/common/annotator/uniformer/mmcv/ops/furthest_point_sample.py	lavis/common/annotator/uniformer/mmcv/ops/furthest_point_sample.py	fa9722a7c97dcd61f61d03428a906a7463ad46862c0b42a6649ca013d2759628
lavis/common/annotator/uniformer/mmcv/ops/fused_bias_leakyrelu.py	lavis/common/annotator/uniformer/mmcv/ops/fused_bias_leakyrelu.py	a5d03671849064f2a79a225d3770f7a30bd4fe64d8d611dd653d082d710e3ad2
lavis/common/annotator/uniformer/mmcv/ops/gather_points.py	lavis/common/annotator/uniformer/mmcv/ops/gather_points.py	2e95dbc243edded2399f91a5df6677b3df0c38979a3c051de99edaed9f0e6fa1
lavis/common/annotator/uniformer/mmcv/ops/group_points.py	lavis/common/annotator/uniformer/mmcv/ops/group_points.py	0b31221fc84f4e3ce9ef5a18e8c85bbbce16578e677e216d6656a60ff11257cb
lavis/common/annotator/uniformer/mmcv/ops/info.py	lavis/common/annotator/uniformer/mmcv/ops/info.py	a1a38b5918021f18ab32e79e3fb989af6aca52ef07f27175bde18f9434695bdf
lavis/common/annotator/uniformer/mmcv/ops/iou3d.py	lavis/common/annotator/uniformer/mmcv/ops/iou3d.py	459909a60700b59afab6709b955bd8fcbfd9b2ec0dabcff5864e14486eb94a55
lavis/common/annotator/uniformer/mmcv/ops/knn.py	lavis/common/annotator/uniformer/mmcv/ops/knn.py	51c8bf376f4ff2c0d53c2ddb9bea7f4e9409f43bcb4defbfe413a9f15390e0d1
lavis/common/annotator/uniformer/mmcv/ops/masked_conv.py	lavis/common/annotator/uniformer/mmcv/ops/masked_conv.py	95105de1b7ed9ce3c194fbd7b845b5c1c92ecb0095ad6c036cf1af26749ccd5e
lavis/common/annotator/uniformer/mmcv/ops/merge_cells.py	lavis/common/annotator/uniformer/mmcv/ops/merge_cells.py	129b849f86a73647106455e84a8e7d963b831e8f30ade6a233d2b55b9185a6a8
lavis/common/annotator/uniformer/mmcv/ops/modulated_deform_conv.py	lavis/common/annotator/uniformer/mmcv/ops/modulated_deform_conv.py	04d13fe097bee86c44a25c50363844c533b8c66eafcc7037df516b938f771765
lavis/common/annotator/uniformer/mmcv/ops/multi_scale_deform_attn.py	lavis/common/annotator/uniformer/mmcv/ops/multi_scale_deform_attn.py	7e07f634da2a2540d435a1676a60cd8fc92ab514da684e40400656e0a7cb9196
lavis/common/annotator/uniformer/mmcv/ops/nms.py	lavis/common/annotator/uniformer/mmcv/ops/nms.py	0f9875a2b9f51ad6c52dfbb14e015817850c7facd0a8831579890aad8d46333c
lavis/common/annotator/uniformer/mmcv/ops/pixel_group.py	lavis/common/annotator/uniformer/mmcv/ops/pixel_group.py	baa9ca81bf93def17098df1eea61d2e6205a5056c939008ffe1839979834746b
lavis/common/annotator/uniformer/mmcv/ops/point_sample.py	lavis/common/annotator/uniformer/mmcv/ops/point_sample.py	b25a488b9e409abe16b590291338abeb691c7cea8d5a9da14bb6f416337d92c0
lavis/common/annotator/uniformer/mmcv/ops/points_in_boxes.py	lavis/common/annotator/uniformer/mmcv/ops/points_in_boxes.py	876a5e456d8c53045bf51fc95b1ce1edda13be3356e9ba7af86994f81f8df142
lavis/common/annotator/uniformer/mmcv/ops/points_sampler.py	lavis/common/annotator/uniformer/mmcv/ops/points_sampler.py	a5dc8cfac88538af6fe7427021cc68acf240b79e74555aa217dbcee80cec397b
lavis/common/annotator/uniformer/mmcv/ops/psa_mask.py	lavis/common/annotator/uniformer/mmcv/ops/psa_mask.py	c66fea65b925005314b82dac89e07543f4f8bff0eb625c0dfff7df0c57dd3199
lavis/common/annotator/uniformer/mmcv/ops/roi_align.py	lavis/common/annotator/uniformer/mmcv/ops/roi_align.py	66ac4f443d55d1ba4f604f5c116a5dd85d400da11e93d78a999e2b76ba9ecaf9
lavis/common/annotator/uniformer/mmcv/ops/roi_align_rotated.py	lavis/common/annotator/uniformer/mmcv/ops/roi_align_rotated.py	88b956ad611049b61278d5d2416a7450ed9ef90d22056da4534baf3faa4460ab
lavis/common/annotator/uniformer/mmcv/ops/roi_pool.py	lavis/common/annotator/uniformer/mmcv/ops/roi_pool.py	60b6516b7400916e63bb3b229ee8663380f29dc159730dd5d6f10ab092d0e791
lavis/common/annotator/uniformer/mmcv/ops/roiaware_pool3d.py	lavis/common/annotator/uniformer/mmcv/ops/roiaware_pool3d.py	6215d8e36f98bf41e65d98f9b0a6d8cc477e2e3dbc31e3b913e455f451bfd9a9
lavis/common/annotator/uniformer/mmcv/ops/roipoint_pool3d.py	lavis/common/annotator/uniformer/mmcv/ops/roipoint_pool3d.py	bf38a0a42e4ed13f1f046ae603bb0a3e62230b78d29d1eade4c10642089d11da
lavis/common/annotator/uniformer/mmcv/ops/saconv.py	lavis/common/annotator/uniformer/mmcv/ops/saconv.py	cfc737905b858f0136b44097c7c960e6e5ead2e0c39634d76ca81b04aa6862df
lavis/common/annotator/uniformer/mmcv/ops/scatter_points.py	lavis/common/annotator/uniformer/mmcv/ops/scatter_points.py	44436a612eb73a6c6ed4e8c477b87be36d55f6c01a0c3a86fda0beb6a4179b04
lavis/common/annotator/uniformer/mmcv/ops/sync_bn.py	lavis/common/annotator/uniformer/mmcv/ops/sync_bn.py	367b0b06918e9dbdb83034bf2c98016404bd858f53bc9d333a4fb1a081baaf12
lavis/common/annotator/uniformer/mmcv/ops/three_interpolate.py	lavis/common/annotator/uniformer/mmcv/ops/three_interpolate.py	a8d8e6d1b42445849de93871317b5e5e682669cf913c08903c5ffbe5bb958ea7
lavis/common/annotator/uniformer/mmcv/ops/three_nn.py	lavis/common/annotator/uniformer/mmcv/ops/three_nn.py	86fc34207bb92aba541ec81ea5e9166b1aadf2b306140c89dd0b0038d0a8e240
lavis/common/annotator/uniformer/mmcv/ops/tin_shift.py	lavis/common/annotator/uniformer/mmcv/ops/tin_shift.py	27d419a7e17f3f8bff2aa8e8c753d08d9aaea1e81d2a7d9d3cb0afea14136fd2
lavis/common/annotator/uniformer/mmcv/ops/upfirdn2d.py	lavis/common/annotator/uniformer/mmcv/ops/upfirdn2d.py	e06e030b663582f9c9a48dca0774202da557ad6e2a6cc5ecde89786eb53640f8
lavis/common/annotator/uniformer/mmcv/ops/voxelize.py	lavis/common/annotator/uniformer/mmcv/ops/voxelize.py	a1d40c8084f0407fb628a904c0f2e6ecf683d421fc19f9b38760ccdb84bde278
lavis/common/annotator/uniformer/mmcv/parallel/__init__.py	lavis/common/annotator/uniformer/mmcv/parallel/__init__.py	8019c1730036b1e552fcb367c2b41d06441019321bbcf85be2de409a6c8ce72a
lavis/common/annotator/uniformer/mmcv/parallel/_functions.py	lavis/common/annotator/uniformer/mmcv/parallel/_functions.py	6184f176ac64bf68034862704d7f39aa6a1842c93aa2e9c44f535d7a476155bd
lavis/common/annotator/uniformer/mmcv/parallel/collate.py	lavis/common/annotator/uniformer/mmcv/parallel/collate.py	f99598baa856119d2e0831ed1e47fa2323e44676f20bd2d759ead987409b996a
lavis/common/annotator/uniformer/mmcv/parallel/data_container.py	lavis/common/annotator/uniformer/mmcv/parallel/data_container.py	e8798832417512266a37fb9b955a8566229bad4a9ed2c92cac6f705abe51e328
lavis/common/annotator/uniformer/mmcv/parallel/data_parallel.py	lavis/common/annotator/uniformer/mmcv/parallel/data_parallel.py	11dd22ad766e0c3a2e161029b848419e954c738af74c4e0e3947c22e5fc08814
lavis/common/annotator/uniformer/mmcv/parallel/distributed.py	lavis/common/annotator/uniformer/mmcv/parallel/distributed.py	afc66f6a6fcd863fb10ce54f0965d48370bde0249abb010759ead36fefbe7bd9
lavis/common/annotator/uniformer/mmcv/parallel/distributed_deprecated.py	lavis/common/annotator/uniformer/mmcv/parallel/distributed_deprecated.py	d28861b92df3d12f7d21759860cd49d24cbea0f3ec48f274343c39f231b5165a
lavis/common/annotator/uniformer/mmcv/parallel/registry.py	lavis/common/annotator/uniformer/mmcv/parallel/registry.py	dc4a083e6f97a7ded9673408c8f2af3dda6c8cb84ef81aceda0c51a17e6713ba
lavis/common/annotator/uniformer/mmcv/parallel/scatter_gather.py	lavis/common/annotator/uniformer/mmcv/parallel/scatter_gather.py	b76d91e998551ac626650ede02c47dafd1424c5a5343dd85c4733b50dc1dad87
lavis/common/annotator/uniformer/mmcv/parallel/utils.py	lavis/common/annotator/uniformer/mmcv/parallel/utils.py	270d17e18bb9285afa31d9a53c3f7d609c85aec7f5482254abed408534070389
lavis/common/annotator/uniformer/mmcv/runner/__init__.py	lavis/common/annotator/uniformer/mmcv/runner/__init__.py	4852675e3765d8bdb9ab5e649894c5352cb34fb9c14249c4cdc97404f790a6b2
lavis/common/annotator/uniformer/mmcv/runner/base_module.py	lavis/common/annotator/uniformer/mmcv/runner/base_module.py	10e060defc93c4cea918210051bd99e50c06b747ec88f7fe4218db8f055cc933
lavis/common/annotator/uniformer/mmcv/runner/base_runner.py	lavis/common/annotator/uniformer/mmcv/runner/base_runner.py	3aeef412ae9342af451d58885f50a3dbf04e67fd47dd98fdbae1761642841b85
lavis/common/annotator/uniformer/mmcv/runner/builder.py	lavis/common/annotator/uniformer/mmcv/runner/builder.py	3f19179f0f038fef41f1fe99aea883df02ba5725d6dc23e111e232dd907d8f03
lavis/common/annotator/uniformer/mmcv/runner/checkpoint.py	lavis/common/annotator/uniformer/mmcv/runner/checkpoint.py	ffc9a4a790c96114d22395118648e414277e4d83b07ca88ebc32cc6517b5a1bd
lavis/common/annotator/uniformer/mmcv/runner/default_constructor.py	lavis/common/annotator/uniformer/mmcv/runner/default_constructor.py	a4d6083dde99e6b217e88fee68073dc84e281407e066bfb5bb1bb1c6ce0de310
lavis/common/annotator/uniformer/mmcv/runner/dist_utils.py	lavis/common/annotator/uniformer/mmcv/runner/dist_utils.py	b6995039607a7869d61949cff950ca3bbb0bfb07e5017ac91c8f6f4fee0f74cf
lavis/common/annotator/uniformer/mmcv/runner/epoch_based_runner.py	lavis/common/annotator/uniformer/mmcv/runner/epoch_based_runner.py	d5ced201de90edd7242ee3386f292a97a69ab24a7c2e570e557c6cf106113333
lavis/common/annotator/uniformer/mmcv/runner/fp16_utils.py	lavis/common/annotator/uniformer/mmcv/runner/fp16_utils.py	4597b1103f4ab998bdb1813a2c0b4138bd9b012681e56e501dc9b0b58cb585ed
lavis/common/annotator/uniformer/mmcv/runner/hooks/__init__.py	lavis/common/annotator/uniformer/mmcv/runner/hooks/__init__.py	cce9ee50f344492c9e932012471aa4df2ef7eb7d3173494d5c91484a131a0d73
lavis/common/annotator/uniformer/mmcv/runner/hooks/checkpoint.py	lavis/common/annotator/uniformer/mmcv/runner/hooks/checkpoint.py	226cd6d9fb57cb1b1fe80e2382c5a3dc11ff39e9a8cb9d57edcde7c7df9418bf
lavis/common/annotator/uniformer/mmcv/runner/hooks/closure.py	lavis/common/annotator/uniformer/mmcv/runner/hooks/closure.py	9b5335ebae2a1f8c88f765e55a55655503d6470d5a87162016956e69658c8fda
lavis/common/annotator/uniformer/mmcv/runner/hooks/ema.py	lavis/common/annotator/uniformer/mmcv/runner/hooks/ema.py	37579cf4553476e3161719d1febcabe46ef57b0bcb9b37f5dfca3ca198d9420c
lavis/common/annotator/uniformer/mmcv/runner/hooks/evaluation.py	lavis/common/annotator/uniformer/mmcv/runner/hooks/evaluation.py	1a344f28b21dadc6b6f0cc55b6432a66a1e83067e84b90e0aa31b79c1bb9dc8e
lavis/common/annotator/uniformer/mmcv/runner/hooks/hook.py	lavis/common/annotator/uniformer/mmcv/runner/hooks/hook.py	ca477b60878ed399bb3b2821fc20e7c3706c555014cb60f37e001d76f87f39b5
lavis/common/annotator/uniformer/mmcv/runner/hooks/iter_timer.py	lavis/common/annotator/uniformer/mmcv/runner/hooks/iter_timer.py	18edb7ab4af159d8cc3feb6bd6c3c726f315e17c6351add669a0c98c59ba3f60
lavis/common/annotator/uniformer/mmcv/runner/hooks/logger/__init__.py	lavis/common/annotator/uniformer/mmcv/runner/hooks/logger/__init__.py	da682932e8f3a35a63cdc3e9645253e60e86c3517b519809130fd9abf2d89dd0
lavis/common/annotator/uniformer/mmcv/runner/hooks/logger/base.py	lavis/common/annotator/uniformer/mmcv/runner/hooks/logger/base.py	7cd4385492c196675d70802f39280abf009c8ed8efdf6fb4e1b3c2bfa3e850de
lavis/common/annotator/uniformer/mmcv/runner/hooks/logger/dvclive.py	lavis/common/annotator/uniformer/mmcv/runner/hooks/logger/dvclive.py	3f318ffe88723003514c79f96e9df32a0b0fe37b1c32141cbc6c05abb3c3a01a
lavis/common/annotator/uniformer/mmcv/runner/hooks/logger/mlflow.py	lavis/common/annotator/uniformer/mmcv/runner/hooks/logger/mlflow.py	dc0a0d43fe059007e7ac6a830e1917383f5bc33430ccceeb4dc97b3d7211883b
lavis/common/annotator/uniformer/mmcv/runner/hooks/logger/neptune.py	lavis/common/annotator/uniformer/mmcv/runner/hooks/logger/neptune.py	a9dca30dba478b6c3a4064f1d228973ee560a284eb96a4fffe3d3e1144aa6ac4
lavis/common/annotator/uniformer/mmcv/runner/hooks/logger/pavi.py	lavis/common/annotator/uniformer/mmcv/runner/hooks/logger/pavi.py	2896676e22e01b82606336d34108cf880f4188e7f59da7df8d619491e3ec7026
lavis/common/annotator/uniformer/mmcv/runner/hooks/logger/tensorboard.py	lavis/common/annotator/uniformer/mmcv/runner/hooks/logger/tensorboard.py	75757d37dba172d2dd884a9074b312d789021b4b2d8460a85e396c42f6c9c6fd
lavis/common/annotator/uniformer/mmcv/runner/hooks/logger/text.py	lavis/common/annotator/uniformer/mmcv/runner/hooks/logger/text.py	a49f1b60ad43959dddf55c01185d5a2005f2418584370f3e0a502f3b654c8280
lavis/common/annotator/uniformer/mmcv/runner/hooks/logger/wandb.py	lavis/common/annotator/uniformer/mmcv/runner/hooks/logger/wandb.py	bfe30ee49fcee3b025919bbc90167be5b3eb551a361d0d82abe3d67426904195
lavis/common/annotator/uniformer/mmcv/runner/hooks/lr_updater.py	lavis/common/annotator/uniformer/mmcv/runner/hooks/lr_updater.py	4afb0825968f99bf059de46a23fa41f24f25cac30fbd31031ec009d1e1c9856b
lavis/common/annotator/uniformer/mmcv/runner/hooks/memory.py	lavis/common/annotator/uniformer/mmcv/runner/hooks/memory.py	f7902df73efb844f0ca6a14096e773415cf407889063088812f688bf6ea82c6a
lavis/common/annotator/uniformer/mmcv/runner/hooks/momentum_updater.py	lavis/common/annotator/uniformer/mmcv/runner/hooks/momentum_updater.py	238b423c3d692c22d83b2f678784552fa93418a5c58556c4a8de27d798c8ca77
lavis/common/annotator/uniformer/mmcv/runner/hooks/optimizer.py	lavis/common/annotator/uniformer/mmcv/runner/hooks/optimizer.py	8e0899c8bd7d0da4c8afcfddbb34386947865ae03277aa4c302d05451388faaf
lavis/common/annotator/uniformer/mmcv/runner/hooks/profiler.py	lavis/common/annotator/uniformer/mmcv/runner/hooks/profiler.py	7953d2c2f3b6d8ec662c08487205cbb2bfd0338de82834ca0b0411c2d3df74bd
lavis/common/annotator/uniformer/mmcv/runner/hooks/sampler_seed.py	lavis/common/annotator/uniformer/mmcv/runner/hooks/sampler_seed.py	d006df481ea967a5398daaa85eaad3cc66845ff6bcefe41a63c5030f7b21bf75
lavis/common/annotator/uniformer/mmcv/runner/hooks/sync_buffer.py	lavis/common/annotator/uniformer/mmcv/runner/hooks/sync_buffer.py	2749c3d956bdd0d2e30de48047789fd355ca6e840d12b2e5d72d3e2048a092b1
lavis/common/annotator/uniformer/mmcv/runner/iter_based_runner.py	lavis/common/annotator/uniformer/mmcv/runner/iter_based_runner.py	cd796af45e1906f5d966021efad8b27290c7538824eed98fa4d893b8bd021ff0
lavis/common/annotator/uniformer/mmcv/runner/log_buffer.py	lavis/common/annotator/uniformer/mmcv/runner/log_buffer.py	a38aa650a84ff43fb2b7be4b58678b99408125802cc888fa7157de4ca5d246dd
lavis/common/annotator/uniformer/mmcv/runner/optimizer/__init__.py	lavis/common/annotator/uniformer/mmcv/runner/optimizer/__init__.py	ca57c168dc17b3b8249a1182b26a9fce8fe829b5a2198726f4df770bc082fa5d
lavis/common/annotator/uniformer/mmcv/runner/optimizer/builder.py	lavis/common/annotator/uniformer/mmcv/runner/optimizer/builder.py	96a4db11d12de5fc6836776e9ddbbef4b6f0f79d32bef90b9f2e9c72ced6e96c
lavis/common/annotator/uniformer/mmcv/runner/optimizer/default_constructor.py	lavis/common/annotator/uniformer/mmcv/runner/optimizer/default_constructor.py	69f8661406bc60f5296b78fa186d22df74aa3c518365ff9adf93ae46aacab75a
lavis/common/annotator/uniformer/mmcv/runner/priority.py	lavis/common/annotator/uniformer/mmcv/runner/priority.py	be7e1a5f49b8c7758d7015235d16a94b7b68e94db7218494ed5086b3683a0d3f
lavis/common/annotator/uniformer/mmcv/runner/utils.py	lavis/common/annotator/uniformer/mmcv/runner/utils.py	3eb70aa78088337b7f3b80ae7bca84cf9d3a6b2278380e243494d0c6467e04b3
lavis/common/annotator/uniformer/mmcv/utils/__init__.py	lavis/common/annotator/uniformer/mmcv/utils/__init__.py	737f4d336b73cb6917ee1ccb1eed24649239038eb2cfc52763a6e51b5ecae54a
lavis/common/annotator/uniformer/mmcv/utils/config.py	lavis/common/annotator/uniformer/mmcv/utils/config.py	f96a3aaadeedbd860663e9ba008f0baaac0fde07f47460e0f486ecc727c26c98
lavis/common/annotator/uniformer/mmcv/utils/env.py	lavis/common/annotator/uniformer/mmcv/utils/env.py	a4b52dcac026a7c513bf75a4b884f23898d2adbd7da4ad8671525b878451ea7b
lavis/common/annotator/uniformer/mmcv/utils/ext_loader.py	lavis/common/annotator/uniformer/mmcv/utils/ext_loader.py	8a56c4e121a76ff26a628122ad57bb8fa1ab4478b2356216000d453471c388f4
lavis/common/annotator/uniformer/mmcv/utils/logging.py	lavis/common/annotator/uniformer/mmcv/utils/logging.py	dd0e4bc699fa1b25eb90a01fba1d7a4056403eb45fd753052624e8755a1f4321
lavis/common/annotator/uniformer/mmcv/utils/misc.py	lavis/common/annotator/uniformer/mmcv/utils/misc.py	422952ffef396569907f6a34887a90ff7dbd1b64294c2e9a9c299823a18226c0
lavis/common/annotator/uniformer/mmcv/utils/parrots_jit.py	lavis/common/annotator/uniformer/mmcv/utils/parrots_jit.py	384d06c7ffa046c5434d5d5c4c948c3f159995e3381f6f0dfba52a525d6f4eb6
lavis/common/annotator/uniformer/mmcv/utils/parrots_wrapper.py	lavis/common/annotator/uniformer/mmcv/utils/parrots_wrapper.py	182fccdf2a2c191aea7993a63f5fa0859719c3bf8cfc094190eee22f52faccd6
lavis/common/annotator/uniformer/mmcv/utils/path.py	lavis/common/annotator/uniformer/mmcv/utils/path.py	dc2d62bec5640d04139b57d7307c106421d0a5a0b857bac2f823a8bce8aaaa3a
lavis/common/annotator/uniformer/mmcv/utils/progressbar.py	lavis/common/annotator/uniformer/mmcv/utils/progressbar.py	1aa723463a2b588f2031f00701374ac2789ae3359630394a3ba30ffa2d7bc82f
lavis/common/annotator/uniformer/mmcv/utils/registry.py	lavis/common/annotator/uniformer/mmcv/utils/registry.py	2a610baaa5e549d29d9ae016b34d26d47b873e00563699204d3c530023adc0a0
lavis/common/annotator/uniformer/mmcv/utils/testing.py	lavis/common/annotator/uniformer/mmcv/utils/testing.py	c2ac37d950a8639ad10f7003276a65553dfba506e8591d5c7fb5af1e2c08b3a3
lavis/common/annotator/uniformer/mmcv/utils/timer.py	lavis/common/annotator/uniformer/mmcv/utils/timer.py	b11015dd2cc54a5c5a9270d6cad01ed0d7581f4bfe0abcb9ff69b2d7d097010d
lavis/common/annotator/uniformer/mmcv/utils/trace.py	lavis/common/annotator/uniformer/mmcv/utils/trace.py	17acc99b4d3e5878f2ba0aedccd5902b55785ee5e2425602f550c3dda0a723e5
lavis/common/annotator/uniformer/mmcv/utils/version_utils.py	lavis/common/annotator/uniformer/mmcv/utils/version_utils.py	1a6dc1e5844e097f7674ef3202eeda37ad4e5a125480f2f82da382ee36baeeb5
lavis/common/annotator/uniformer/mmcv/version.py	lavis/common/annotator/uniformer/mmcv/version.py	d4c06f03b27eb0dddf4e27e26c9dbc0512db61c0052fd3ab64b1da3b6aa92da2
lavis/common/annotator/uniformer/mmcv/video/__init__.py	lavis/common/annotator/uniformer/mmcv/video/__init__.py	7600a0eed48bef7003c42faf9ead575048d322e48e262b54dce2199c5aa9584c
lavis/common/annotator/uniformer/mmcv/video/io.py	lavis/common/annotator/uniformer/mmcv/video/io.py	6a8313ea31df42d8d9fd5331f3412c09d0ca5128ac0c44791748344c7339340f
lavis/common/annotator/uniformer/mmcv/video/optflow.py	lavis/common/annotator/uniformer/mmcv/video/optflow.py	9f2a5badbaca0b9f853622d0255bedd6038a7d18595a44f8c2d057cda3f7c8ea
lavis/common/annotator/uniformer/mmcv/video/processing.py	lavis/common/annotator/uniformer/mmcv/video/processing.py	bafeb99d122f284d83f039089685726025a2b8a9e11eee245d92bae9b67b86af
lavis/common/annotator/uniformer/mmcv/visualization/__init__.py	lavis/common/annotator/uniformer/mmcv/visualization/__init__.py	379e4fde6d0b2a75e96fa161756c9f7c1c6280998bc16340d5d391bace8a9321
lavis/common/annotator/uniformer/mmcv/visualization/color.py	lavis/common/annotator/uniformer/mmcv/visualization/color.py	6092a7115094b9adb62dce89c19b4f0fd4e236e774ac3be396663eca9957279f
lavis/common/annotator/uniformer/mmcv/visualization/image.py	lavis/common/annotator/uniformer/mmcv/visualization/image.py	a66a79fd5c7734f64c7d2a79faaf5d7492ca5b77d3520a2a6bd0a24c5daa3172
lavis/common/annotator/uniformer/mmcv/visualization/optflow.py	lavis/common/annotator/uniformer/mmcv/visualization/optflow.py	ca63a786e1cbbefac7085afbac035d2f4aa42c60596b5a9a254e9877bac27395
lavis/common/annotator/uniformer/mmcv_custom/__init__.py	lavis/common/annotator/uniformer/mmcv_custom/__init__.py	6e1a34c131bbf70ec1b16a42e774be0a1f49f6f546a0bdeb270176643dbd8921
lavis/common/annotator/uniformer/mmcv_custom/checkpoint.py	lavis/common/annotator/uniformer/mmcv_custom/checkpoint.py	8041d723f720e4e9cdeb13b3b54459615397f2be52e416f961a13a89ce3b7c85
lavis/common/annotator/uniformer/mmseg/apis/__init__.py	lavis/common/annotator/uniformer/mmseg/apis/__init__.py	37e62415e76a3606212fab2359024f2bc4c27f728536564074b4bc68e01aa1ab
lavis/common/annotator/uniformer/mmseg/apis/inference.py	lavis/common/annotator/uniformer/mmseg/apis/inference.py	4f5c19042ad1ac45a35561ea3f06afcf1dc23b1d0e52babb18582d63648a3259
lavis/common/annotator/uniformer/mmseg/apis/test.py	lavis/common/annotator/uniformer/mmseg/apis/test.py	6707903e7fc83d58aa02065be96b59b1792c26c3e11af4582e4831c2a4342d07
lavis/common/annotator/uniformer/mmseg/apis/train.py	lavis/common/annotator/uniformer/mmseg/apis/train.py	515ab05519f2577d13f7a44d54d501676682be7b2f124ecf00317b0b38a9d8ed
lavis/common/annotator/uniformer/mmseg/core/__init__.py	lavis/common/annotator/uniformer/mmseg/core/__init__.py	21830ac79ab7a309a21d0baea62ad847584e6a745e59b49939c4575b894487bb
lavis/common/annotator/uniformer/mmseg/core/evaluation/__init__.py	lavis/common/annotator/uniformer/mmseg/core/evaluation/__init__.py	9e29477e658ffdb4f8b9b82536bd2d8f8eb0ae050baa4ec2acbabce771a58474
lavis/common/annotator/uniformer/mmseg/core/evaluation/class_names.py	lavis/common/annotator/uniformer/mmseg/core/evaluation/class_names.py	ed011a3b1ccec782e0ed953bf9fda08bfabdb8619e83a3c4b00e25ab98cc8d42
lavis/common/annotator/uniformer/mmseg/core/evaluation/eval_hooks.py	lavis/common/annotator/uniformer/mmseg/core/evaluation/eval_hooks.py	8b1c6bcc27abae133eb7df094b59bd0a1c6ce017c1fc2083c3f5996d77559ba5
lavis/common/annotator/uniformer/mmseg/core/evaluation/metrics.py	lavis/common/annotator/uniformer/mmseg/core/evaluation/metrics.py	198866877e628d1bad1030cd46459c49753a114f2ba2d12b46b6e6db540f5e83
lavis/common/annotator/uniformer/mmseg/core/seg/__init__.py	lavis/common/annotator/uniformer/mmseg/core/seg/__init__.py	775d8a92a7a785744411d23d7a78583b22ff02700628c880860615c81031b520
lavis/common/annotator/uniformer/mmseg/core/seg/builder.py	lavis/common/annotator/uniformer/mmseg/core/seg/builder.py	62af1af9580d9638a0476b4a828d2bbd87a7e0d4f1ad0a3fc385ba8b87e878ed
lavis/common/annotator/uniformer/mmseg/core/seg/sampler/__init__.py	lavis/common/annotator/uniformer/mmseg/core/seg/sampler/__init__.py	8125d6cab75608a68191685d6201671836221f17f5447a3e2fe12e59d6a97b7d
lavis/common/annotator/uniformer/mmseg/core/seg/sampler/base_pixel_sampler.py	lavis/common/annotator/uniformer/mmseg/core/seg/sampler/base_pixel_sampler.py	537c45456a231301483fd50a7a0fea24eaec6beea4f6396c664f58122ae6e185
lavis/common/annotator/uniformer/mmseg/core/seg/sampler/ohem_pixel_sampler.py	lavis/common/annotator/uniformer/mmseg/core/seg/sampler/ohem_pixel_sampler.py	965e5ab0129e733b85e721e662f339ca64eb6a34cf347913aefcc031661630dc
lavis/common/annotator/uniformer/mmseg/core/utils/__init__.py	lavis/common/annotator/uniformer/mmseg/core/utils/__init__.py	c8ccca2c96e2558550728d6c6d6c28f6e83232342bac8371df4f4885a8992e38
lavis/common/annotator/uniformer/mmseg/core/utils/misc.py	lavis/common/annotator/uniformer/mmseg/core/utils/misc.py	5f58cc5da71ab2e91ac20c018505fc2914ae63df600b73b6db667b01131ca0d4
lavis/common/annotator/uniformer/mmseg/datasets/__init__.py	lavis/common/annotator/uniformer/mmseg/datasets/__init__.py	112f572cb7e69d89acfaf7a143ce34ca60397927b9856850679288def8141917
lavis/common/annotator/uniformer/mmseg/datasets/ade.py	lavis/common/annotator/uniformer/mmseg/datasets/ade.py	c49b734b2764e30377ec8278fedeb8a016acac57a3c405c82db00c1adea64b4d
lavis/common/annotator/uniformer/mmseg/datasets/builder.py	lavis/common/annotator/uniformer/mmseg/datasets/builder.py	f8dde2b0c89bee50f6e848940b77c60bae3fd1609c02d1632a3d1ef83ff0a2fa
lavis/common/annotator/uniformer/mmseg/datasets/chase_db1.py	lavis/common/annotator/uniformer/mmseg/datasets/chase_db1.py	8d21464cfa8d634129985ed26125171df28c7abea03fffaf61761cc8e183fdd6
lavis/common/annotator/uniformer/mmseg/datasets/cityscapes.py	lavis/common/annotator/uniformer/mmseg/datasets/cityscapes.py	8e3e32cd26340ff9aa02694138a111f842199dfb5d684484d9e1d0a713f8badf
lavis/common/annotator/uniformer/mmseg/datasets/custom.py	lavis/common/annotator/uniformer/mmseg/datasets/custom.py	b2e5e7053d4a93bdeb7ea8d3af6045cfa9ec69e8e3d3f63e4c516183b322eba9
lavis/common/annotator/uniformer/mmseg/datasets/dataset_wrappers.py	lavis/common/annotator/uniformer/mmseg/datasets/dataset_wrappers.py	02623e43f127a413c7975d252ffc7254b1cc4918233f4143abf2833a9741afce
lavis/common/annotator/uniformer/mmseg/datasets/drive.py	lavis/common/annotator/uniformer/mmseg/datasets/drive.py	bec458d33ba51c0972e914acc6e9648c1c8dd0a1312120cd3b42b857838f9e97
lavis/common/annotator/uniformer/mmseg/datasets/hrf.py	lavis/common/annotator/uniformer/mmseg/datasets/hrf.py	78f9de587474d0dc20017e072b352d1b21925c90c5f19b5d90f744d1c7fe9d31
lavis/common/annotator/uniformer/mmseg/datasets/pascal_context.py	lavis/common/annotator/uniformer/mmseg/datasets/pascal_context.py	fed138351f97190f8262318aa7481110c8660a725864b0f7d78804c2f904df2b
lavis/common/annotator/uniformer/mmseg/datasets/pipelines/__init__.py	lavis/common/annotator/uniformer/mmseg/datasets/pipelines/__init__.py	33e3d034fcc3a1a2bc7252d8a639b52401774242f5ca18e9fe571a9ae3b91d86
lavis/common/annotator/uniformer/mmseg/datasets/pipelines/compose.py	lavis/common/annotator/uniformer/mmseg/datasets/pipelines/compose.py	08eff57b195f52e707e7fbeff62ea813183fb3a5357c662aed8febbd4bfb84db
lavis/common/annotator/uniformer/mmseg/datasets/pipelines/formating.py	lavis/common/annotator/uniformer/mmseg/datasets/pipelines/formating.py	374468039ea25f209b0137317c0c1e5d22e4f408d1d9bd4728e5391391563fd2
lavis/common/annotator/uniformer/mmseg/datasets/pipelines/loading.py	lavis/common/annotator/uniformer/mmseg/datasets/pipelines/loading.py	cbb589c31c44481bef87e3618a9db304ad8ef59a53c4bbe5c234bb5cdd8c8d19
lavis/common/annotator/uniformer/mmseg/datasets/pipelines/test_time_aug.py	lavis/common/annotator/uniformer/mmseg/datasets/pipelines/test_time_aug.py	e69ba58ece3f93d32bb0b27a36ac897f5470d89784b7f4e5c7fe48e1b7c9beae
lavis/common/annotator/uniformer/mmseg/datasets/pipelines/transforms.py	lavis/common/annotator/uniformer/mmseg/datasets/pipelines/transforms.py	c9ae666ded4bbf75530dec9766708b5402374238cd7f3ac41b75d98822064b34
lavis/common/annotator/uniformer/mmseg/datasets/stare.py	lavis/common/annotator/uniformer/mmseg/datasets/stare.py	d9000fc9379890fc65f69860e074392755033f027c4c5ad57dca0252873fd43e
lavis/common/annotator/uniformer/mmseg/datasets/voc.py	lavis/common/annotator/uniformer/mmseg/datasets/voc.py	da03d711ac42b3bd993125f55a693fa581b7fa4eed57ee6096a1049f7c1cd3b9
lavis/common/annotator/uniformer/mmseg/models/__init__.py	lavis/common/annotator/uniformer/mmseg/models/__init__.py	b1c515e7f3760355077c749e7d327e335b1309af43c98e240ab901bdf363b1a2
lavis/common/annotator/uniformer/mmseg/models/backbones/__init__.py	lavis/common/annotator/uniformer/mmseg/models/backbones/__init__.py	acc4441dce88b0dc3c76393ae0a9045dd0bbb875dfbd80dc6529583e02a9cedd
lavis/common/annotator/uniformer/mmseg/models/backbones/cgnet.py	lavis/common/annotator/uniformer/mmseg/models/backbones/cgnet.py	005fac50ba0ee5842e909d8fd250bfd8f87d70ca9457d49d2dd3c232b8ca5102
lavis/common/annotator/uniformer/mmseg/models/backbones/fast_scnn.py	lavis/common/annotator/uniformer/mmseg/models/backbones/fast_scnn.py	68c8762937f834945888268055f542094a2de3b0fc0bbbf80353dc52b58c206d
lavis/common/annotator/uniformer/mmseg/models/backbones/hrnet.py	lavis/common/annotator/uniformer/mmseg/models/backbones/hrnet.py	f00e89771a992ef750994d91d202d14ea87caf05f81e8f35f2b2993a1639dc0b
lavis/common/annotator/uniformer/mmseg/models/backbones/mobilenet_v2.py	lavis/common/annotator/uniformer/mmseg/models/backbones/mobilenet_v2.py	9c7ec32e5f3b9f55822b4c12bcfdb1f4e56b6a22b414efec8ab7e1c621add3fb
lavis/common/annotator/uniformer/mmseg/models/backbones/mobilenet_v3.py	lavis/common/annotator/uniformer/mmseg/models/backbones/mobilenet_v3.py	790c44421c31885a3caa1a04e710a9dd0d220feeb4f847f8b1a00d31b2ef6de5
lavis/common/annotator/uniformer/mmseg/models/backbones/resnest.py	lavis/common/annotator/uniformer/mmseg/models/backbones/resnest.py	3cecc70350cf85b1bbdceb78a119dece4f9cad00a3bd56a4f4bc92830f60ce52
lavis/common/annotator/uniformer/mmseg/models/backbones/resnet.py	lavis/common/annotator/uniformer/mmseg/models/backbones/resnet.py	ff02e32f0b06ae52d8d325a226922f24e311e9b55441f555960abe8b9e48240e
lavis/common/annotator/uniformer/mmseg/models/backbones/resnext.py	lavis/common/annotator/uniformer/mmseg/models/backbones/resnext.py	3316189e5ea6479c18ee122db85c981aff96895c98abf002198aba5b6e48b9ec
lavis/common/annotator/uniformer/mmseg/models/backbones/unet.py	lavis/common/annotator/uniformer/mmseg/models/backbones/unet.py	3cf1533b52219ffa03f7670f0533fdfd7a75f7f1102f6affa9ffadd99ae08cc7
lavis/common/annotator/uniformer/mmseg/models/backbones/uniformer.py	lavis/common/annotator/uniformer/mmseg/models/backbones/uniformer.py	7b3023d4bf40ebf0ad0e79651980f2ba7b432cb0e357e7da8214ea04e5ed1717
lavis/common/annotator/uniformer/mmseg/models/backbones/vit.py	lavis/common/annotator/uniformer/mmseg/models/backbones/vit.py	75fa17433a0558f6e35cecef3111c7f31a6be56ad9d58a8f005d4e34cc1d03d2
lavis/common/annotator/uniformer/mmseg/models/builder.py	lavis/common/annotator/uniformer/mmseg/models/builder.py	5c9f7bf54524629909023f7258429b5a1720eee3c1d484c75a597beaf5fcc328
lavis/common/annotator/uniformer/mmseg/models/decode_heads/__init__.py	lavis/common/annotator/uniformer/mmseg/models/decode_heads/__init__.py	f8a09d939c96fa83d9aece2aa87715d7db92e5ad18ebcfde9a6bc1903440341d
lavis/common/annotator/uniformer/mmseg/models/decode_heads/ann_head.py	lavis/common/annotator/uniformer/mmseg/models/decode_heads/ann_head.py	309920d0f1279c9808ec4df9fb9f616e3f21287a14fd7776a6e741b4f7ef08d9
lavis/common/annotator/uniformer/mmseg/models/decode_heads/apc_head.py	lavis/common/annotator/uniformer/mmseg/models/decode_heads/apc_head.py	d4b4104aa2e5393eaabb4bd72f62d9422a8d58b8ed526ed5361f4916da268867
lavis/common/annotator/uniformer/mmseg/models/decode_heads/aspp_head.py	lavis/common/annotator/uniformer/mmseg/models/decode_heads/aspp_head.py	fc21e464c8837714053d36f294c07fb1255e0e2ee1ec166502effc7bc002166d
lavis/common/annotator/uniformer/mmseg/models/decode_heads/cascade_decode_head.py	lavis/common/annotator/uniformer/mmseg/models/decode_heads/cascade_decode_head.py	246b179c538e9a49e52d421140ab01867b548b2d349d7edbdfd20cc1b35a6126
lavis/common/annotator/uniformer/mmseg/models/decode_heads/cc_head.py	lavis/common/annotator/uniformer/mmseg/models/decode_heads/cc_head.py	a8b766da5e1c29caafff978c93ccfc4e8adc85e0a3067fd5722a4338cd3b7636
lavis/common/annotator/uniformer/mmseg/models/decode_heads/da_head.py	lavis/common/annotator/uniformer/mmseg/models/decode_heads/da_head.py	cc3f55e9afbaff2e1ff8f04444fefa59ea1c974410fcd5486eea2710302071e9
lavis/common/annotator/uniformer/mmseg/models/decode_heads/decode_head.py	lavis/common/annotator/uniformer/mmseg/models/decode_heads/decode_head.py	5cdb9fa8f29ef8cf346539354194f3269a7e03628ce15fead251ebd6e3455d96
lavis/common/annotator/uniformer/mmseg/models/decode_heads/dm_head.py	lavis/common/annotator/uniformer/mmseg/models/decode_heads/dm_head.py	6237c57e16167ccd006731d40293c0a77d376cc7f328b84c19eea0bdd2a525cb
lavis/common/annotator/uniformer/mmseg/models/decode_heads/dnl_head.py	lavis/common/annotator/uniformer/mmseg/models/decode_heads/dnl_head.py	efa62ea9d5e30d77643ba6b073fd0d50983fd326476f6da56313c575849523de
lavis/common/annotator/uniformer/mmseg/models/decode_heads/ema_head.py	lavis/common/annotator/uniformer/mmseg/models/decode_heads/ema_head.py	25820aa8e942b5a8a55f0af7a7087b7811ee4638b6e221648160df1928f3eecb
lavis/common/annotator/uniformer/mmseg/models/decode_heads/enc_head.py	lavis/common/annotator/uniformer/mmseg/models/decode_heads/enc_head.py	3cd07f6375f5ccd8eb6fc9897a313372706bc7a24f931142a48d770614e6bbed
lavis/common/annotator/uniformer/mmseg/models/decode_heads/fcn_head.py	lavis/common/annotator/uniformer/mmseg/models/decode_heads/fcn_head.py	06048930c0245a05d766931a73f7303053985017df9663cd5ffb526926758fd9
lavis/common/annotator/uniformer/mmseg/models/decode_heads/fpn_head.py	lavis/common/annotator/uniformer/mmseg/models/decode_heads/fpn_head.py	96bb6a5b7dfd7c924f49774a07e40a496f9f14c4adf9ceb80c1564d74cb69a1d
lavis/common/annotator/uniformer/mmseg/models/decode_heads/gc_head.py	lavis/common/annotator/uniformer/mmseg/models/decode_heads/gc_head.py	c570e8e436862de2878df57eb7de1dbc92430abf5c7de99da289d575f7ac5764
lavis/common/annotator/uniformer/mmseg/models/decode_heads/lraspp_head.py	lavis/common/annotator/uniformer/mmseg/models/decode_heads/lraspp_head.py	4328d87c470701fd2cbddf321b7fa73701b1de31e84ce85cf10ad39d9f0b3862
lavis/common/annotator/uniformer/mmseg/models/decode_heads/nl_head.py	lavis/common/annotator/uniformer/mmseg/models/decode_heads/nl_head.py	70c63f9363d4af02a427cb99e97078bfb05c98eba51d961653a16f5d63135206
lavis/common/annotator/uniformer/mmseg/models/decode_heads/ocr_head.py	lavis/common/annotator/uniformer/mmseg/models/decode_heads/ocr_head.py	012af6eb072cf14c7d407f67fb16536ad9cf9e780a3b374d3c9138bed2147efa
lavis/common/annotator/uniformer/mmseg/models/decode_heads/point_head.py	lavis/common/annotator/uniformer/mmseg/models/decode_heads/point_head.py	4fe5ac5594ca08f27dbc800233695668bc10f76785f5b1537d0fb007ffdb3aaf
lavis/common/annotator/uniformer/mmseg/models/decode_heads/psa_head.py	lavis/common/annotator/uniformer/mmseg/models/decode_heads/psa_head.py	80e137aefa36cce263668e19eccb5a06129dde1dc49f60b20ba2903e3814efba
lavis/common/annotator/uniformer/mmseg/models/decode_heads/psp_head.py	lavis/common/annotator/uniformer/mmseg/models/decode_heads/psp_head.py	5040f1683c32b2271423d0fa22d5b87c63767e3738054d205aa074edd8247423
lavis/common/annotator/uniformer/mmseg/models/decode_heads/sep_aspp_head.py	lavis/common/annotator/uniformer/mmseg/models/decode_heads/sep_aspp_head.py	0d0eb7de8dbd2a8174aca57553e13f9dc26d58bba40162f4bc72e2da8e4bbf2e
lavis/common/annotator/uniformer/mmseg/models/decode_heads/sep_fcn_head.py	lavis/common/annotator/uniformer/mmseg/models/decode_heads/sep_fcn_head.py	a7f864590f52f6300d2b64548575963b993f97ab9b55264176d5ab17108e65a3
lavis/common/annotator/uniformer/mmseg/models/decode_heads/uper_head.py	lavis/common/annotator/uniformer/mmseg/models/decode_heads/uper_head.py	d503db8ad5f12cb13f21473e51ebb06d9c8639b37069aeb04ec05fe7cd053001
lavis/common/annotator/uniformer/mmseg/models/losses/__init__.py	lavis/common/annotator/uniformer/mmseg/models/losses/__init__.py	8e3f069715c7aadc394d8409057ce77dfe31449421e0f3f0c2d22aee2897484f
lavis/common/annotator/uniformer/mmseg/models/losses/accuracy.py	lavis/common/annotator/uniformer/mmseg/models/losses/accuracy.py	54948910b02508140fd7d4aa496c3863d782c1931436b16c74bb0b8316a7b613
lavis/common/annotator/uniformer/mmseg/models/losses/cross_entropy_loss.py	lavis/common/annotator/uniformer/mmseg/models/losses/cross_entropy_loss.py	303bb3c254a50f5ba7568449f14b0e566f0ceb21cd1cdfdc04c40b61b7d336e4
lavis/common/annotator/uniformer/mmseg/models/losses/dice_loss.py	lavis/common/annotator/uniformer/mmseg/models/losses/dice_loss.py	ff3a748d2791109b057a5700bf33238518b2f06bcd448073050c03c80c789592
lavis/common/annotator/uniformer/mmseg/models/losses/lovasz_loss.py	lavis/common/annotator/uniformer/mmseg/models/losses/lovasz_loss.py	61565432d14257362921c010b428fa36f0310895ba769400bd9666fe5ed1868a
lavis/common/annotator/uniformer/mmseg/models/losses/utils.py	lavis/common/annotator/uniformer/mmseg/models/losses/utils.py	8705d420fce6acc6de05807b16173cbdb53d32008d08fa11f64ce51ebcf5db4d
lavis/common/annotator/uniformer/mmseg/models/necks/__init__.py	lavis/common/annotator/uniformer/mmseg/models/necks/__init__.py	a02e5cb8def94f71f378218e14a7ee4fd7cc6a9609f7b7077de43244f9326999
lavis/common/annotator/uniformer/mmseg/models/necks/fpn.py	lavis/common/annotator/uniformer/mmseg/models/necks/fpn.py	b293f6bb1ec9dd704d0248b7cd54a21223453016b170533bcb838a8de5eed3d0
lavis/common/annotator/uniformer/mmseg/models/necks/multilevel_neck.py	lavis/common/annotator/uniformer/mmseg/models/necks/multilevel_neck.py	1d8d6ae2c8241fa2f7abb5f64ef2da537757cc2ca97bcbf1ec375b09390aafe2
lavis/common/annotator/uniformer/mmseg/models/segmentors/__init__.py	lavis/common/annotator/uniformer/mmseg/models/segmentors/__init__.py	a02c84cc74f98339353bd2eb56eb611ba1dcd45afd55092b35678c996604a12b
lavis/common/annotator/uniformer/mmseg/models/segmentors/base.py	lavis/common/annotator/uniformer/mmseg/models/segmentors/base.py	8f663de9aa06dc6bf00388c2fb896b9f67576029aee3e3c9a69c1b0f5c19cd36
lavis/common/annotator/uniformer/mmseg/models/segmentors/cascade_encoder_decoder.py	lavis/common/annotator/uniformer/mmseg/models/segmentors/cascade_encoder_decoder.py	e86e56c27521a3abdcd7a719144bf91b5bb85f1232d17734b3b246481ffc655a
lavis/common/annotator/uniformer/mmseg/models/segmentors/encoder_decoder.py	lavis/common/annotator/uniformer/mmseg/models/segmentors/encoder_decoder.py	0aa67f7d4b4d6a9689013e9b465e2b01eacd89dbe8f2a9188885fb21d045f2a5
lavis/common/annotator/uniformer/mmseg/models/utils/__init__.py	lavis/common/annotator/uniformer/mmseg/models/utils/__init__.py	60436afc1c3b94b1dd4e9b312f3a5b7cb1053bb0479882d977d780e985da8f2d
lavis/common/annotator/uniformer/mmseg/models/utils/drop.py	lavis/common/annotator/uniformer/mmseg/models/utils/drop.py	d5cbde61cb3e2e8f087e0b5d3251357cd2afa46efe9b013fb0cc83f1067433d2
lavis/common/annotator/uniformer/mmseg/models/utils/inverted_residual.py	lavis/common/annotator/uniformer/mmseg/models/utils/inverted_residual.py	fb61e575639375375813fb8cb9721cd8e2fd701f197570fc27ff98477647fedd
lavis/common/annotator/uniformer/mmseg/models/utils/make_divisible.py	lavis/common/annotator/uniformer/mmseg/models/utils/make_divisible.py	a938c6f92f118014c2a82fa396645809be96f10e48e837f8e74a8f1661fe16c3
lavis/common/annotator/uniformer/mmseg/models/utils/res_layer.py	lavis/common/annotator/uniformer/mmseg/models/utils/res_layer.py	667af208034ad72d59e2b2ce59b339cb8d4089cd07b53fa5da7db935ba8ae2c9
lavis/common/annotator/uniformer/mmseg/models/utils/se_layer.py	lavis/common/annotator/uniformer/mmseg/models/utils/se_layer.py	811ce22c3e1bbb1f333b0b56ae4142ad85af10d59834a6d1715b77e1f21acafa
lavis/common/annotator/uniformer/mmseg/models/utils/self_attention_block.py	lavis/common/annotator/uniformer/mmseg/models/utils/self_attention_block.py	93c78da66ef402d51762b3602bfa67c84ee2c071c7962d4583235cba708f81e6
lavis/common/annotator/uniformer/mmseg/models/utils/up_conv_block.py	lavis/common/annotator/uniformer/mmseg/models/utils/up_conv_block.py	74548e0e72dc94a9d444689af67077ab44474086fa26b87e7c4ec6a22863fe4a
lavis/common/annotator/uniformer/mmseg/models/utils/weight_init.py	lavis/common/annotator/uniformer/mmseg/models/utils/weight_init.py	cd5823362f269c7f7ccbf64cd704a9844e26b90220ce6a39ad771d59b1136c22
lavis/common/annotator/uniformer/mmseg/ops/__init__.py	lavis/common/annotator/uniformer/mmseg/ops/__init__.py	e4ac25aae315cc870c7985e414e4d0ca898d205957f49b8b99f792b155639670
lavis/common/annotator/uniformer/mmseg/ops/encoding.py	lavis/common/annotator/uniformer/mmseg/ops/encoding.py	319ee0e1dfb5194c7ed8c045e769de0c4a87d4390af8535ab05d678f58e292cd
lavis/common/annotator/uniformer/mmseg/ops/wrappers.py	lavis/common/annotator/uniformer/mmseg/ops/wrappers.py	450632aca0e09d101a7f025cea918bf0a65b669b8287edd41988bfcc4b74147a
lavis/common/annotator/uniformer/mmseg/utils/__init__.py	lavis/common/annotator/uniformer/mmseg/utils/__init__.py	592e12a4e80fe4a9dba9d4337469ab4dce1128b4e643ca5ee6e24404c0b0833a
lavis/common/annotator/uniformer/mmseg/utils/collect_env.py	lavis/common/annotator/uniformer/mmseg/utils/collect_env.py	bbeb12fcac3090c7ce3b2902ac573a8c7bf629b97dd829fd377221da3791ba5c
lavis/common/annotator/uniformer/mmseg/utils/logger.py	lavis/common/annotator/uniformer/mmseg/utils/logger.py	6629f455d18a6c56f404f2b66a936082f9b943691561294648fa69e7369c9941
lavis/common/annotator/util.py	lavis/common/annotator/util.py	f98c7787edb6884ea41c5af3ed75443cdf583df9f6b879b2b18af73a137e2a13
lavis/common/config.py	lavis/common/config.py	62e754848c88e0ee5cf9bca65d5d62e5964eb89a5caf7631a187b14afac92b6c
lavis/common/dist_utils.py	lavis/common/dist_utils.py	80ac52911e1f4f2dc6aa551272a25cf75a8adb1db288b4d6a7488566b8b916e9
lavis/common/gradcam.py	lavis/common/gradcam.py	e2b44904ba3f09c7daa4aaa9cc41f07eaa60834e8e88b3f162392314ef7fc1a2
lavis/common/logger.py	lavis/common/logger.py	482b247740ff93529e902e5b3a4de7690b562ff891d1a26303b7b61d30c4ac29
lavis/common/optims.py	lavis/common/optims.py	64e19dab0d8595d8d21c020a78c398b310d23698d4a2cba70db044cdaf1d53c9
lavis/common/registry.py	lavis/common/registry.py	10b1c5042593e71e2f57c34069a0a14655ae07f5c60bd27b03f9b0146f3c74d0
lavis/common/utils.py	lavis/common/utils.py	87e96b34049033912bb04b34dbf7b2c9eadfbace3285835fcd3d011ed12a393f
lavis/common/vqa_tools/__init__.py	lavis/common/vqa_tools/__init__.py	1ac25db0b3394feeef3c3a3a18089a5a3982b001e7138acb578ca979e6d4655f
lavis/common/vqa_tools/vqa.py	lavis/common/vqa_tools/vqa.py	8d1cc77c4afc216c75f09d5cdb480b91fa94197e9d4b36faf72728164c0c86af
lavis/common/vqa_tools/vqa_eval.py	lavis/common/vqa_tools/vqa_eval.py	adc1ce7aad5643bf2caf6d94e92fa030f8efe138800a4a96d9b501654ba677e6
lavis/configs/datasets/aokvqa/defaults.yaml	lavis/configs/datasets/aokvqa/defaults.yaml	0d243d780c3c6257673286e36b23caeaace0ae01dd3fe58d66510db3f9883a63
lavis/configs/datasets/avsd/defaults_dial.yaml	lavis/configs/datasets/avsd/defaults_dial.yaml	d808edbd0a2b6433e272a2c8c186b7e2932081d2a28baabdfb3e072dea0168ce
lavis/configs/datasets/blip_diffusion_datasets/defaults.yaml	lavis/configs/datasets/blip_diffusion_datasets/defaults.yaml	cf0d6879658978d0f44c5e95f30b64a1cd9177fe94a94e1f98a511e3ca46474a
lavis/configs/datasets/coco/defaults_cap.yaml	lavis/configs/datasets/coco/defaults_cap.yaml	78247fd995d44032bcdfa9269b4ca2dfc39933285ebc79338e080088a3a7946c
lavis/configs/datasets/coco/defaults_ret.yaml	lavis/configs/datasets/coco/defaults_ret.yaml	4018d808ce31a5e27c5601701d0c5af437259a2ab09df0547dcd09feb90abb59
lavis/configs/datasets/coco/defaults_vqa.yaml	lavis/configs/datasets/coco/defaults_vqa.yaml	760be450db7966442fb6803849c772abb4516912f584c878830208010bff1fa8
lavis/configs/datasets/coco/eval_vqa.yaml	lavis/configs/datasets/coco/eval_vqa.yaml	b9b8012fa7f8274461587fd0ec066765eaf5895b039fad988fd07830155487e8
lavis/configs/datasets/conceptual_caption/defaults_12m.yaml	lavis/configs/datasets/conceptual_caption/defaults_12m.yaml	9dda4c86ddab3118b4291698c95995b6f14f92e81892e3f50920e2d4f3930db1
lavis/configs/datasets/conceptual_caption/defaults_3m.yaml	lavis/configs/datasets/conceptual_caption/defaults_3m.yaml	8a710da626d79d37a716aa7c3ad2b23c5b26c1d49b1dc4f36e14ef51ca192e1a
lavis/configs/datasets/didemo/defaults_ret.yaml	lavis/configs/datasets/didemo/defaults_ret.yaml	b661a46e6995a67bf4a917811f73be45d8f9f2527761a568a729076f8b869e10
lavis/configs/datasets/flickr30k/defaults.yaml	lavis/configs/datasets/flickr30k/defaults.yaml	e3791ca260311f6f07f1255107adc02551ef288fba80bc6adf0e60f23021b831
lavis/configs/datasets/gqa/balanced_testdev.yaml	lavis/configs/datasets/gqa/balanced_testdev.yaml	28d56de8c430ef3a3d330fe210dde51a120022efd35412988919a8c5c79f42d8
lavis/configs/datasets/gqa/balanced_val.yaml	lavis/configs/datasets/gqa/balanced_val.yaml	2b7e7c6b1b332180e9a80059b6306045314cdd4616f100a931e3bd2eafc01251
lavis/configs/datasets/gqa/defaults.yaml	lavis/configs/datasets/gqa/defaults.yaml	58f15e00ae8b936d262745566d7ebd537d85f307987f2c5d63ca5937a991364f
lavis/configs/datasets/imagenet/defaults.yaml	lavis/configs/datasets/imagenet/defaults.yaml	9b830de6f846d8fcb71d1ae37d5b46a73fbd57b72a239ec01a0c7fa156ae508e
lavis/configs/datasets/laion/defaults_2B_multi.yaml	lavis/configs/datasets/laion/defaults_2B_multi.yaml	37312c9930ce6b8005b0a3e36a2361e5abb722670ae90ba92e7b7249c2f5180d
lavis/configs/datasets/msrvtt/defaults_cap.yaml	lavis/configs/datasets/msrvtt/defaults_cap.yaml	b61b77b3666b1d9c310775d51500ae4e12acb848cd202243c2de56ff88cc5b17
lavis/configs/datasets/msrvtt/defaults_qa.yaml	lavis/configs/datasets/msrvtt/defaults_qa.yaml	f777145f526bf788e317f0535c23bbcac6f11bcf1f105de8089d87457aab3c06
lavis/configs/datasets/msrvtt/defaults_ret.yaml	lavis/configs/datasets/msrvtt/defaults_ret.yaml	962480dc10669752e1bc1d4e2cb848cf028ed6cb882cbc583c01d81205e55b4f
lavis/configs/datasets/msvd/defaults_cap.yaml	lavis/configs/datasets/msvd/defaults_cap.yaml	7fb3aedf468828047d41e4a9dea0e30b567a19f98429feceb30a1ab346606b7d
lavis/configs/datasets/msvd/defaults_qa.yaml	lavis/configs/datasets/msvd/defaults_qa.yaml	4cc072a3b14aeeb65b1af1382bd386008b0fa35b051976aa5ae54c0ae76226a8
lavis/configs/datasets/nlvr/defaults.yaml	lavis/configs/datasets/nlvr/defaults.yaml	8792213dd2e858eb8faeec1871ec62889d546adaad7aed66d9dc1ba045bda6f3
lavis/configs/datasets/nocaps/defaults.yaml	lavis/configs/datasets/nocaps/defaults.yaml	0437e1c3c338315029d6cbd39bfc8c69631fe6089e9bc0fea7a06497be8e2f97
lavis/configs/datasets/okvqa/defaults.yaml	lavis/configs/datasets/okvqa/defaults.yaml	53249088934c1ad3024e57d36bc11747fbbcda54ec08f55e5b25371a6405c117
lavis/configs/datasets/sbu_caption/defaults.yaml	lavis/configs/datasets/sbu_caption/defaults.yaml	7e6077c1d90b625a15235c10df05d53316dfd8a5624021158d030504baeeb311
lavis/configs/datasets/snli_ve/defaults.yaml	lavis/configs/datasets/snli_ve/defaults.yaml	292e8be90636e3271ff7034a31ea5c58921744513353476da4518312f301ac53
lavis/configs/datasets/vatex/defaults_cap.yaml	lavis/configs/datasets/vatex/defaults_cap.yaml	9e53c847b8da7b7f7fe395dba06cfd8e1d9bb4d13f48ab39048ca2d43cc360bc
lavis/configs/datasets/vg/defaults_caption.yaml	lavis/configs/datasets/vg/defaults_caption.yaml	3bcff3e0dc4cc8d47993612deabfedfad23fe3adf98986f1aacf4b2fed3f2742
lavis/configs/datasets/vg/defaults_vqa.yaml	lavis/configs/datasets/vg/defaults_vqa.yaml	30dcab8d086e355d4a16af7303d273cb0b33c0cf7267b46d5c30e9635c2a0b46
lavis/configs/default.yaml	lavis/configs/default.yaml	b465981fdc2c5050b606a949f94bffbfd21b02fbda63cf4f16a9129f1d2fed3f
lavis/configs/models/albef_classification_ve.yaml	lavis/configs/models/albef_classification_ve.yaml	04aeb78772ca8a8d760f2577f7ad34f87a5a0c0a95746a97b339c662042e9994
lavis/configs/models/albef_feature_extractor.yaml	lavis/configs/models/albef_feature_extractor.yaml	28fac2ae650f8a456cc18b8049137fe0b1feac6e716d7852dbf11fdcc43fb13d
lavis/configs/models/albef_nlvr.yaml	lavis/configs/models/albef_nlvr.yaml	e124d28e37383dec9acdd0b2a5934f43ccbdcaa2f507d660924d835b6e7dbe87
lavis/configs/models/albef_pretrain_base.yaml	lavis/configs/models/albef_pretrain_base.yaml	ef9956979f1f206b3ba3273ab8ba253b22ad54bd4fcaef6630fcb545b2506c66
lavis/configs/models/albef_retrieval_coco.yaml	lavis/configs/models/albef_retrieval_coco.yaml	5cf5231306007f24b80abac705396630491b5c68519a4cddbfe68455a010b6d9
lavis/configs/models/albef_retrieval_flickr.yaml	lavis/configs/models/albef_retrieval_flickr.yaml	c4191485782cd49bac1d5c0e367e21088563ba4dd9e07f6e23c3e0a89391a7d4
lavis/configs/models/albef_vqav2.yaml	lavis/configs/models/albef_vqav2.yaml	60a9b62cd65a56c8661fd19dc5d4c74fcdde7856a5cfc62380bfe9349cbf7ada
lavis/configs/models/alpro_qa_msrvtt.yaml	lavis/configs/models/alpro_qa_msrvtt.yaml	d39f5c8a4c5af04f7990d8d8aa3b4c3a848ed82767d6156593290df1b175fa93
lavis/configs/models/alpro_qa_msvd.yaml	lavis/configs/models/alpro_qa_msvd.yaml	3848a7f47590df9f6b0dfc5b40f4f79b0858ca7329f63eefbd3386a2e234d62f
lavis/configs/models/alpro_retrieval_didemo.yaml	lavis/configs/models/alpro_retrieval_didemo.yaml	32973929255e7794a2cda97a96ff9120964d815a96f7aa7fabca601ac165a274
lavis/configs/models/alpro_retrieval_msrvtt.yaml	lavis/configs/models/alpro_retrieval_msrvtt.yaml	3b6b8a5a87bf0dfaf570aae294ed776dea9401c29ff801d2e7c82c300593168c
lavis/configs/models/blip-diffusion/blip_diffusion_base.yaml	lavis/configs/models/blip-diffusion/blip_diffusion_base.yaml	be28fda2d5387dcf2ff0f120b3404a40de0ad0eed0a09b816e54dcc53ed634aa
lavis/configs/models/blip-diffusion/blip_diffusion_controlnet_canny.yaml	lavis/configs/models/blip-diffusion/blip_diffusion_controlnet_canny.yaml	6457eb25d5b7046fd53eb0b9f10ee8bb7d086de74a104e1f546b401523e11130
lavis/configs/models/blip-diffusion/blip_diffusion_controlnet_depth.yaml	lavis/configs/models/blip-diffusion/blip_diffusion_controlnet_depth.yaml	43e17e8aa426d4a8d4b0a0253f6a4525c9077e4d06e5af969c7dd4a0cb252529
lavis/configs/models/blip-diffusion/blip_diffusion_controlnet_hed.yaml	lavis/configs/models/blip-diffusion/blip_diffusion_controlnet_hed.yaml	1ecbe329d1edf08d16a685a4edb5e4729994e6bb1c3e301af2ac83fc8698c582
lavis/configs/models/blip2/blip2_caption_flant5xl.yaml	lavis/configs/models/blip2/blip2_caption_flant5xl.yaml	2ecd997ec295de00f383a176cc11cf8456cafb79daee8ccd19616632affc8538
lavis/configs/models/blip2/blip2_caption_opt2.7b.yaml	lavis/configs/models/blip2/blip2_caption_opt2.7b.yaml	c973fa1d05721187355f60bf49ac0d2327b87a86903f197c25acd5ec25d43c37
lavis/configs/models/blip2/blip2_caption_opt6.7b.yaml	lavis/configs/models/blip2/blip2_caption_opt6.7b.yaml	3a974ebe597b517ea75118bce2b0ef5a2159acbb0d347b6815159dba054fbdd0
lavis/configs/models/blip2/blip2_coco.yaml	lavis/configs/models/blip2/blip2_coco.yaml	84f1c5f37d4b4a30466e8d5f83d7ea85b7920063955be8a265b58755056cf305
lavis/configs/models/blip2/blip2_instruct_flant5xl.yaml	lavis/configs/models/blip2/blip2_instruct_flant5xl.yaml	c4c2c819586483006c3fd21b285a19356fe56d5c308f3e3802b95244f4b543df
lavis/configs/models/blip2/blip2_instruct_flant5xxl.yaml	lavis/configs/models/blip2/blip2_instruct_flant5xxl.yaml	9327db6ed2ce1bc718f425059befe0e7a76330cc1f6613a05d2155da044ca264
lavis/configs/models/blip2/blip2_instruct_vicuna13b.yaml	lavis/configs/models/blip2/blip2_instruct_vicuna13b.yaml	f91330641ee9fe9ce623c92c5810b44d46abc57da6e128f5c284a53cecf07911
lavis/configs/models/blip2/blip2_instruct_vicuna7b.yaml	lavis/configs/models/blip2/blip2_instruct_vicuna7b.yaml	d2c951490f5397d30738dd6c8ef914fbca32846a3b6f0055b1ae73e75cacb401
lavis/configs/models/blip2/blip2_pretrain.yaml	lavis/configs/models/blip2/blip2_pretrain.yaml	b2fce0fc0a34834fad02704a4f4263e0f0d1befd62912c52d43ab9624ceb5135
lavis/configs/models/blip2/blip2_pretrain_flant5xl.yaml	lavis/configs/models/blip2/blip2_pretrain_flant5xl.yaml	65913a0167bc8a22d35d888993ad0fd09e1c44bc1e84b633467d68859c60b2d2
lavis/configs/models/blip2/blip2_pretrain_flant5xl_vitL.yaml	lavis/configs/models/blip2/blip2_pretrain_flant5xl_vitL.yaml	00880401e4d4a8588d56afae2236c4ff387b8c33cb17072166cc347c2bd6a94d
lavis/configs/models/blip2/blip2_pretrain_flant5xxl.yaml	lavis/configs/models/blip2/blip2_pretrain_flant5xxl.yaml	0906502024f6a20ab02a49735955277d689d398f8379f961fd60febead3cb32b
lavis/configs/models/blip2/blip2_pretrain_llama7b.yaml	lavis/configs/models/blip2/blip2_pretrain_llama7b.yaml	e1a94f464d703b16b59f1ae5739930313a598a9c7d5aa3eba17b6128472b70f3
lavis/configs/models/blip2/blip2_pretrain_opt2.7b.yaml	lavis/configs/models/blip2/blip2_pretrain_opt2.7b.yaml	506b8bdb4c513d93f2dec65ea8c808ce8bdd77504e4c44b04d2da07f0b1d1859
lavis/configs/models/blip2/blip2_pretrain_opt6.7b.yaml	lavis/configs/models/blip2/blip2_pretrain_opt6.7b.yaml	78abb2094ef21485355521cd47312ee019bb358e8d3e9a481dc4ddd1129752b2
lavis/configs/models/blip2/blip2_pretrain_vitL.yaml	lavis/configs/models/blip2/blip2_pretrain_vitL.yaml	ec058594cf76483c92078f889c7f5ac3cdf20614371d22aabc6a1f9bec620cce
lavis/configs/models/blip_caption_base_coco.yaml	lavis/configs/models/blip_caption_base_coco.yaml	5658485b625647dbbbc14f9e4c314e4d394221d207bed32f7f6b5e5387b8acce
lavis/configs/models/blip_caption_large_coco.yaml	lavis/configs/models/blip_caption_large_coco.yaml	ace6cf387c8516b228f7565eb7f2cceeed255c5543fc752845f6028986374bf7
lavis/configs/models/blip_classification_base.yaml	lavis/configs/models/blip_classification_base.yaml	8937cb9691b05a11939c984b5b246190901e8a3d1a67e9f7edf80572c09c1c58
lavis/configs/models/blip_feature_extractor_base.yaml	lavis/configs/models/blip_feature_extractor_base.yaml	adaade0facccebfc6e723cdf56d5830f7b82a54d48099609c2f7d225aa047bce
lavis/configs/models/blip_itm_base.yaml	lavis/configs/models/blip_itm_base.yaml	5c99e84e089dc08bcb0f7434c1cc8d43f1aa88974e14b6f0634415840f901347
lavis/configs/models/blip_itm_large.yaml	lavis/configs/models/blip_itm_large.yaml	9a810fa5d16a5720cf3c98a735da99eb2a7f34e5fccb13fcc72acb9833c9e2a5
lavis/configs/models/blip_nlvr.yaml	lavis/configs/models/blip_nlvr.yaml	9e1801530e3157c3ad7012170c1c192cd02b0033240fcb93391054235e517b51
lavis/configs/models/blip_pretrain_base.yaml	lavis/configs/models/blip_pretrain_base.yaml	77bfa7ad17c0d9dc658fb25879825b53abe938b55fabb6ec7a4554c4959d613d
lavis/configs/models/blip_pretrain_large.yaml	lavis/configs/models/blip_pretrain_large.yaml	00617b4c904e2bf3e35a3eae5bd11e178296c09e0d830125c9f380314082a20d
lavis/configs/models/blip_retrieval_coco.yaml	lavis/configs/models/blip_retrieval_coco.yaml	45240debf91b1dded3abd862efda121720b10e532dc98bc9acf13f8abdcd5f0c
lavis/configs/models/blip_retrieval_flickr.yaml	lavis/configs/models/blip_retrieval_flickr.yaml	055d1537d8e94fe495358e98fdfe9dbf1b9b1678f3acb62ba7d3c5eeba642171
lavis/configs/models/blip_vqa_aokvqa.yaml	lavis/configs/models/blip_vqa_aokvqa.yaml	76cf077cce574217b4494022c1221db06e3381dde22701e101c49bf91849f1aa
lavis/configs/models/blip_vqa_okvqa.yaml	lavis/configs/models/blip_vqa_okvqa.yaml	91d4912b7f2fbb427b3b22583722d9821e35346190a1c573f07c67f1ff58c38f
lavis/configs/models/blip_vqav2.yaml	lavis/configs/models/blip_vqav2.yaml	4ed24e845cbea299a9b844cd6cd09fd1fd4196caf904ecc3a90c480438f49271
lavis/configs/models/clip_resnet50.yaml	lavis/configs/models/clip_resnet50.yaml	98c4f3b58c453f86c0e5c28ab5e53e98bb6dc04f0c76ecd6db35c8d050aeed6c
lavis/configs/models/clip_vit_base16.yaml	lavis/configs/models/clip_vit_base16.yaml	6d06c96c9da163529040b4d3eb232a506e104dfd9c104bcb661f7d2590e5aba5
lavis/configs/models/clip_vit_base32.yaml	lavis/configs/models/clip_vit_base32.yaml	c292cc526fb433600196b024e0ee049677b792fdccc297c6647d6348b93e3192
lavis/configs/models/clip_vit_large14.yaml	lavis/configs/models/clip_vit_large14.yaml	786000638658ee784168e7be036b60d1c2de053b2470a25323f9fe7884a4f52b
lavis/configs/models/clip_vit_large14_336.yaml	lavis/configs/models/clip_vit_large14_336.yaml	662eaca84b5af8348a0d2632c9d744007ebe99bf3bec0345327b9c707d6a4579
lavis/configs/models/gpt_dialogue_base.yaml	lavis/configs/models/gpt_dialogue_base.yaml	309c6a88744d45af1abb1319f88589f05136cb3c274a416bf4f85bd5c7af852e
lavis/configs/models/img2prompt-vqa/img2prompt_vqa_base.yaml	lavis/configs/models/img2prompt-vqa/img2prompt_vqa_base.yaml	1ac3f8a0801a5288d098d82a04a4e7b5c7fea260fb63dbab9619e7dde6b7b2aa
lavis/configs/models/pnp-vqa/pnp_vqa_3b.yaml	lavis/configs/models/pnp-vqa/pnp_vqa_3b.yaml	0278b92c44f83d33cdf29cca55fbb11add67f0817aad6a5b2450f96bcffebbf7
lavis/configs/models/pnp-vqa/pnp_vqa_base.yaml	lavis/configs/models/pnp-vqa/pnp_vqa_base.yaml	a66079fff0e05fcda1db1a26c5c5d10f77115504a313177a5aa0f8b2657e7944
lavis/configs/models/pnp-vqa/pnp_vqa_large.yaml	lavis/configs/models/pnp-vqa/pnp_vqa_large.yaml	bdcfa4ee2207e370f76c7743f848c718de1543f5a31007fe7a1d52eed3a0df05
lavis/datasets/builders/__init__.py	lavis/datasets/builders/__init__.py	f301fe4337402f9f5c5f8bae6dd95c13c0e6c4a1596868b95707bef9b21cf89f
lavis/datasets/builders/base_dataset_builder.py	lavis/datasets/builders/base_dataset_builder.py	fe2b1f12ada19e8e663331e7c260c85601fa5f92240a743277b1f0044f32bac0
lavis/datasets/builders/caption_builder.py	lavis/datasets/builders/caption_builder.py	574cdfccf4e03ca30f2668bae946718618729e16b73f50f6c45039a04f24493c
lavis/datasets/builders/classification_builder.py	lavis/datasets/builders/classification_builder.py	07deb88cd820f300f8d9b8578338b56ba0ecddc0f4ed9ca881f99196feda0ad9
lavis/datasets/builders/dialogue_builder.py	lavis/datasets/builders/dialogue_builder.py	9b946f21f6fff9ee95b0b3b1ab2cfe48d30e1baf54059bb0d4cee30e9825c0a4
lavis/datasets/builders/image_text_pair_builder.py	lavis/datasets/builders/image_text_pair_builder.py	c626b6a8ead05fad6b2757e6d92ace8363569a8a8401f7812ba65b04fa4dc518
lavis/datasets/builders/imagefolder_builder.py	lavis/datasets/builders/imagefolder_builder.py	fe061ecdefa5455c7e7d574223dafa753028d63cad312d733c625ebcf5472cdb
lavis/datasets/builders/retrieval_builder.py	lavis/datasets/builders/retrieval_builder.py	440a946283135f054733ed112f6f256d1c35b3aba154640ff355f3b8845af27a
lavis/datasets/builders/text_to_image_generation_builder.py	lavis/datasets/builders/text_to_image_generation_builder.py	5fb6ed1387401018f45d90fb3cdcb2db781aff8b730aa514d7a2e9b573089bf6
lavis/datasets/builders/video_qa_builder.py	lavis/datasets/builders/video_qa_builder.py	3410ac255f699d5f2193dbc51edfef546e800bf6bf8ddf518792c636574465e6
lavis/datasets/builders/vqa_builder.py	lavis/datasets/builders/vqa_builder.py	062a71acca24c81bf1506a65e3951c0dd3f43feb02143a2e34a9e0f4b5a1e79e
lavis/datasets/data_utils.py	lavis/datasets/data_utils.py	02bb3406148101c95066fc62f00f9c54ab3f69c01b1cfc38b98806014a76cf7e
lavis/datasets/datasets/aok_vqa_datasets.py	lavis/datasets/datasets/aok_vqa_datasets.py	6dd9ac0645366a016b350ef7c44eaf277bbe68afcf271ccc8e39246ae3b9e2a8
lavis/datasets/datasets/avsd_dialogue_datasets.py	lavis/datasets/datasets/avsd_dialogue_datasets.py	436abc29cf7177c1498c153686d1a3e1a167db7732d03d52e84478fdab33204b
lavis/datasets/datasets/base_dataset.py	lavis/datasets/datasets/base_dataset.py	526ba8bea05ff6f9f967b5821451a36c1c2849ed94c30541202979367bd40412
lavis/datasets/datasets/caption_datasets.py	lavis/datasets/datasets/caption_datasets.py	cce75ba78ebae0189d5e0eae2a1a7fec88f740b011750d49310fb30b6bb50311
lavis/datasets/datasets/coco_caption_datasets.py	lavis/datasets/datasets/coco_caption_datasets.py	a32c5b04eee3052fb6c8288ffecf3b3dcb1f65f5cc2d3bdabeaea1e10a74d35f
lavis/datasets/datasets/coco_vqa_datasets.py	lavis/datasets/datasets/coco_vqa_datasets.py	827e687b4f366bab92a3f5b0ea83bceb8f3fa920ef0c2c1ec873dd8e9a26acc5
lavis/datasets/datasets/dataloader_utils.py	lavis/datasets/datasets/dataloader_utils.py	d8bb08e45b75d65e0388a6598a034e6c786e36d0cec25232f445e6ef2b4dd4df
lavis/datasets/datasets/dialogue_datasets.py	lavis/datasets/datasets/dialogue_datasets.py	cf2d33690e47af74e758edb7dd1a4078533f0208ad00fc8974ea5b4d261f6261
lavis/datasets/datasets/gqa_datasets.py	lavis/datasets/datasets/gqa_datasets.py	b70361d7242360fe71fcc5186ca6d897a012420780122fa88a5da289370d86c4
lavis/datasets/datasets/image_text_pair_datasets.py	lavis/datasets/datasets/image_text_pair_datasets.py	cc7aebfe7ad9810a0a286cc5fb1f860a8d59bc128fea7a8c3cf6e97dca91a718
lavis/datasets/datasets/imagefolder_dataset.py	lavis/datasets/datasets/imagefolder_dataset.py	9746d9bcbeb3429a8f8c31f83c601ee63e8292335c5568e2b4119dbb274c0577
lavis/datasets/datasets/laion_dataset.py	lavis/datasets/datasets/laion_dataset.py	1de8547a223c98889ee22417b5bd2dfe70446793ad2011ac06c3b7704bb32629
lavis/datasets/datasets/multimodal_classification_datasets.py	lavis/datasets/datasets/multimodal_classification_datasets.py	16a6b12303a02466b1c854aebd3be264f0cad30b2fd919468c598b35a58967b8
lavis/datasets/datasets/nlvr_datasets.py	lavis/datasets/datasets/nlvr_datasets.py	43ba3e5b9485e14ad067bcdd91ddf2b0a73ba5d6152ed3f4a2fd9cee07857b48
lavis/datasets/datasets/retrieval_datasets.py	lavis/datasets/datasets/retrieval_datasets.py	b1c4d861abc5f359a265636a32979433e92c764b5072ea96f409f66fd376e87f
lavis/datasets/datasets/snli_ve_datasets.py	lavis/datasets/datasets/snli_ve_datasets.py	97507d7f928e296b9ed214aa7a8530f586d34a36a2638e6195bacc9223af943f
lavis/datasets/datasets/subject_driven_t2i_dataset.py	lavis/datasets/datasets/subject_driven_t2i_dataset.py	22ec2232bf807207480fa81f095ff922e3bdc5abd41f883b1b326ae67f12ba91
lavis/datasets/datasets/vg_vqa_datasets.py	lavis/datasets/datasets/vg_vqa_datasets.py	a28ed0a66cd031f312e45e302568bf0f8050ab5c5b4dc27900220d96b91c7491
lavis/datasets/datasets/video_caption_datasets.py	lavis/datasets/datasets/video_caption_datasets.py	61e6181f407be1592e59bc6eba3c5da67781c5061d07279167dc90db07faa245
lavis/datasets/datasets/video_vqa_datasets.py	lavis/datasets/datasets/video_vqa_datasets.py	265ab0f1152f6a06fe72c9d8a57236a734db5f5a3b3cc01ff77be202ec7d647e
lavis/datasets/datasets/vqa_datasets.py	lavis/datasets/datasets/vqa_datasets.py	8f6836389d6dd482a972e204ad8477ab2cfca1649b40f2e379cc981aa9a728f6
lavis/datasets/download_scripts/DownloadConceptualCaptions/README.md	lavis/datasets/download_scripts/DownloadConceptualCaptions/README.md	8f89434cbc16f39ff55a7a2209e59f35677bb7c0c878a26e38da618e71c84d1a
lavis/datasets/download_scripts/DownloadConceptualCaptions/download_data_cc12m.py	lavis/datasets/download_scripts/DownloadConceptualCaptions/download_data_cc12m.py	ea65c6b7a204e1f3db6fd488781e344c8eb858a61c3fcd28818eb935d8adf192
lavis/datasets/download_scripts/DownloadConceptualCaptions/download_data_cc3m.py	lavis/datasets/download_scripts/DownloadConceptualCaptions/download_data_cc3m.py	0885e964cd9e0d2b1c674152eb1871c1c6b439d82097c0815dfd3269f3069c04
lavis/datasets/download_scripts/download_coco.py	lavis/datasets/download_scripts/download_coco.py	57bda023bf11d0efbebff2053cfe192a1ea103d1c4bd0f48ca4c259e7b48b73e
lavis/datasets/download_scripts/download_didemo.py	lavis/datasets/download_scripts/download_didemo.py	c872f9ee39db03a7eda39d6e480a1412159d68d2a275361103aeb795d01a1f07
lavis/datasets/download_scripts/download_flickr.py	lavis/datasets/download_scripts/download_flickr.py	57b474f161868593352dae9acd81d4db37c8bd7afbd7728b948d2adc6a21fc93
lavis/datasets/download_scripts/download_gqa.py	lavis/datasets/download_scripts/download_gqa.py	42c5da6c7805a8a63c747d6711ef0719cde599bcfd211ded86affce80771ee43
lavis/datasets/download_scripts/download_msrvtt.py	lavis/datasets/download_scripts/download_msrvtt.py	709740ed1d91d51fddb1f16b02a087f354f642ebbaaeaf3866141d0a752195b2
lavis/datasets/download_scripts/download_msvd.py	lavis/datasets/download_scripts/download_msvd.py	8d87d539b0b7046e524b9e3bbfaadebc86450a4d37bd1a850c0946ba9d29d8a6
lavis/datasets/download_scripts/download_nocaps.py	lavis/datasets/download_scripts/download_nocaps.py	bad5e9e9e38e9001c05a04bad66598cc3c05037cc5d506ee633804f12d3cfff3
lavis/datasets/download_scripts/download_sbu.py	lavis/datasets/download_scripts/download_sbu.py	ec80f88837dbe2d2b42abe647ed9b43e38a6dbfbf60c2755bad7ea212d76330e
lavis/datasets/download_scripts/download_vg.py	lavis/datasets/download_scripts/download_vg.py	a68b4630dc28d3510d591cfb5cb509fbc9b9727180d36dc5fb7058aa2243c2b5
lavis/models/__init__.py	lavis/models/__init__.py	6f0ab1d6acc28f4d02bb23f001b1326ad653eef63038e6a20e6433238cd81dca
lavis/models/albef_models/__init__.py	lavis/models/albef_models/__init__.py	54c431293447fd684dd7bd4220a0774ffb56e011751c963d0ae76ccb257987f5
lavis/models/albef_models/albef_classification.py	lavis/models/albef_models/albef_classification.py	9d7f82ac2ad6f25b61c3c12e71b33082feaf46704b0de7247a1c965f27449a32
lavis/models/albef_models/albef_feature_extractor.py	lavis/models/albef_models/albef_feature_extractor.py	27372a918b9416b3e86ae146b75637b4332828902b65e1e5c6144fef0bdfdf8a
lavis/models/albef_models/albef_nlvr.py	lavis/models/albef_models/albef_nlvr.py	d2d74a66e4171c27b9a40a62b96436de1a184ba6ab6cd66808d57aaf902b8f40
lavis/models/albef_models/albef_outputs.py	lavis/models/albef_models/albef_outputs.py	bc71d46fa7e2c648ff8aaee44501282c1a2dda7b52e2714dc3708957becbc71c
lavis/models/albef_models/albef_pretrain.py	lavis/models/albef_models/albef_pretrain.py	808ae15a9a98c2634db28a05f7228948ae0d20b5542d73576a8550d5a8788e09
lavis/models/albef_models/albef_retrieval.py	lavis/models/albef_models/albef_retrieval.py	724cfcd7b15c8ce2f4026bcc6681cb3ee1a269f01a41980fd32e0bf6c4e5643b
lavis/models/albef_models/albef_vqa.py	lavis/models/albef_models/albef_vqa.py	2c4d23f39e3a2d5868fbcee6931cc776007ccdbbbcc7539c1c4d7993320892ab
lavis/models/alpro_models/__init__.py	lavis/models/alpro_models/__init__.py	6370db3dec08893f5dfebedada6ee442bd3dae0ba3ea9de794fb6806d949347d
lavis/models/alpro_models/alpro_outputs.py	lavis/models/alpro_models/alpro_outputs.py	35cefcac85e48567e09a417eb69f5419ab55fa1a9244a56eea6cfff5c9cfba53
lavis/models/alpro_models/alpro_qa.py	lavis/models/alpro_models/alpro_qa.py	64229dc9745083ef2b678e2070fe731e0f8e74c12c310d7d2e1de15f6e8e74bb
lavis/models/alpro_models/alpro_retrieval.py	lavis/models/alpro_models/alpro_retrieval.py	13db023ab0c881dfd7a1454b08f3e650f764f5d52c478a290d8179faf4a322b8
lavis/models/base_model.py	lavis/models/base_model.py	824e9a820b5aa69a1ea77aa693a34dd869b6704da3dcef0838390e40d7defab8
lavis/models/blip2_models/Qformer.py	lavis/models/blip2_models/Qformer.py	9d1375ffed630df9449e7e5e69072038bf20af5bd0e1cc22ae1f2337b586f95e
lavis/models/blip2_models/__init__.py	lavis/models/blip2_models/__init__.py	e3b0c44298fc1c149afbf4c8996fb92427ae41e4649b934ca495991b7852b855
lavis/models/blip2_models/blip2.py	lavis/models/blip2_models/blip2.py	3fabdd5bb056b961847420dfa16d0a18c4e03c0cd7021ef168dbcd9b2a5c3f5a
lavis/models/blip2_models/blip2_image_text_matching.py	lavis/models/blip2_models/blip2_image_text_matching.py	a5399ddaa9ecd50d6c5951d7922c8e2b41282886194dc2fba840b93d93803d62
lavis/models/blip2_models/blip2_opt.py	lavis/models/blip2_models/blip2_opt.py	c7ebd7994a5ec419009ce4515f002ee7afa52cb92012df1a530b21e1443519e6
lavis/models/blip2_models/blip2_qformer.py	lavis/models/blip2_models/blip2_qformer.py	bf729fe4cabcd6e7f8ca1a616dcc8fcd4e946b4f149de8718258b0b926b62948
lavis/models/blip2_models/blip2_t5.py	lavis/models/blip2_models/blip2_t5.py	89953e91d43d012aedce4750984c5003e4151316902d8f61d5e9c8250cc56247
lavis/models/blip2_models/blip2_t5_instruct.py	lavis/models/blip2_models/blip2_t5_instruct.py	360d0d6d852b6692dd0bcfe7f78f7f504c1128b852895b28c5ccf19e09281184
lavis/models/blip2_models/blip2_vicuna_instruct.py	lavis/models/blip2_models/blip2_vicuna_instruct.py	1ef766a3d6d38695ec549b4f0a05d5b27df7cd548861cbc8ac8bc0e2ef597976
lavis/models/blip2_models/modeling_llama.py	lavis/models/blip2_models/modeling_llama.py	33ce275c8c7b30692d8a29ba6919f9c2f2bef473db0daa7483c099fd020aa492
lavis/models/blip2_models/modeling_opt.py	lavis/models/blip2_models/modeling_opt.py	324d5206148e98976196abb6f92dccfe22e0f28ea91d94445282af6eb511d723
lavis/models/blip2_models/modeling_t5.py	lavis/models/blip2_models/modeling_t5.py	51d74da8cbabe23df95aac274c021275e4033348f2a4b8a1e6d3a1a1f012e63a
lavis/models/blip2_models/temp.py	lavis/models/blip2_models/temp.py	c3d8df74394f63e2507b796a799f37e734e986f2c6d1a88175cda2400d7d08df
lavis/models/blip_diffusion_models/__init__.py	lavis/models/blip_diffusion_models/__init__.py	e3b0c44298fc1c149afbf4c8996fb92427ae41e4649b934ca495991b7852b855
lavis/models/blip_diffusion_models/blip_diffusion.py	lavis/models/blip_diffusion_models/blip_diffusion.py	09238c3cb46b70bbb2266d77d4f671adc3f5b0add94eda438a8305d44aad4fc8
lavis/models/blip_diffusion_models/modeling_ctx_clip.py	lavis/models/blip_diffusion_models/modeling_ctx_clip.py	611bc64d82e2e54a87491a2aa82c7846137d87620a2288e7a698f1e130fcc1a8
lavis/models/blip_diffusion_models/ptp_utils.py	lavis/models/blip_diffusion_models/ptp_utils.py	31b6c6813a094c8590d837600753119a0e7c6d4a2b7d5feff0e37db23aab6f9c
lavis/models/blip_diffusion_models/utils.py	lavis/models/blip_diffusion_models/utils.py	e377e374d001240490c96c49a7a9e66ab7c10876b0bc65ca912eebaf9b6f7273
lavis/models/blip_models/__init__.py	lavis/models/blip_models/__init__.py	446109d1d628473a733224457029b37bc562f05e4b6ab44d333c4ab0181c5a74
lavis/models/blip_models/blip.py	lavis/models/blip_models/blip.py	1a62ca192a112c85f5c73ba2c919e67eee7d336d45200ee3966673b147721b25
lavis/models/blip_models/blip_caption.py	lavis/models/blip_models/blip_caption.py	343d4fd79df135e07484b40e42ba0a9954ab2a9e447ffa729f1180097f1d5169
lavis/models/blip_models/blip_classification.py	lavis/models/blip_models/blip_classification.py	c2bf4c539d469eb5cae16af25ee633324a831e5ee3c9af0e24a5f777758052bc
lavis/models/blip_models/blip_feature_extractor.py	lavis/models/blip_models/blip_feature_extractor.py	146f2ef7e0c7eee0fa2c647e136952e5360f8063a9f93f1fec6eb8d6e05fdbb0
lavis/models/blip_models/blip_image_text_matching.py	lavis/models/blip_models/blip_image_text_matching.py	0d5ead4ea7b846f2dbab4da9ade3d89c74f1fc86f8ff3f673b2eef08c434d73f
lavis/models/blip_models/blip_nlvr.py	lavis/models/blip_models/blip_nlvr.py	180f06feb27958bd49c29dff1d8cd565b5552fe1509416cac3cde56fdc1fcfc1
lavis/models/blip_models/blip_outputs.py	lavis/models/blip_models/blip_outputs.py	d655e46f9c61dd0d4c609b066a24e0df203053250c0c1954af69093bca750602
lavis/models/blip_models/blip_pretrain.py	lavis/models/blip_models/blip_pretrain.py	60aafbc1535a06ec8027dc209021ec71037d0a1c4700f63d78cbccd81d9b1a16
lavis/models/blip_models/blip_retrieval.py	lavis/models/blip_models/blip_retrieval.py	5a3294a6f7c62348531871de4d987bccd9e699f1958ecc43fdba8a458effa03b
lavis/models/blip_models/blip_vqa.py	lavis/models/blip_models/blip_vqa.py	43957021a6f8cf4f9c60ac21cf2d8a2bbc5b907756bdeaf3054b62dc5f9ea0c6
lavis/models/blip_models/nlvr_encoder.py	lavis/models/blip_models/nlvr_encoder.py	137792e6ec89ac212d158b69314f5bdae897ce64c6d71db3f1265bae86db90b5
lavis/models/clip_models/__init__.py	lavis/models/clip_models/__init__.py	c1146fcb770678f1c2f92fbf5c9fc008bacfac8f9b61026834b7cdcd7badd379
lavis/models/clip_models/clip_outputs.py	lavis/models/clip_models/clip_outputs.py	1c631ea20d5341895fa87a417cfded4b8731365319271cc3355023d58f4c6988
lavis/models/clip_models/loss.py	lavis/models/clip_models/loss.py	df55b80c98fb24ec2f940d26f73df84a0f9518db17537ccaa4df955179212118
lavis/models/clip_models/model.py	lavis/models/clip_models/model.py	3c051b9d9757c7f8a0914726e5f58c97ccea1078660b0cd1fd8837fa607026ab
lavis/models/clip_models/pretrained.py	lavis/models/clip_models/pretrained.py	8bb8584e9490b371a382f389ed77e983120e39ac2d0591a02cb7319842a43ae3
lavis/models/clip_models/timm_model.py	lavis/models/clip_models/timm_model.py	a082e50941fc3895593324e822cb819c0e741eb1bb05eb3cc35c6076b2984180
lavis/models/clip_models/tokenizer.py	lavis/models/clip_models/tokenizer.py	7548dc1304b9e337afb9d28b4f81298b6f7ce36dfddff20fe4d69d0401a59f18
lavis/models/clip_models/transform.py	lavis/models/clip_models/transform.py	f257c3477ffc5515546454de236209ddf618dcad81e99891885dae1f8ef2ed0d
lavis/models/clip_models/utils.py	lavis/models/clip_models/utils.py	f6d4d4fb82f3c199537e33b03bd5d4164f436615f77d0266a53615bb51e40dab
lavis/models/clip_vit.py	lavis/models/clip_vit.py	156077469df4b7bb09b26623ad4ec65601a8071e07909b7c0999af78bd180009
lavis/models/eva_vit.py	lavis/models/eva_vit.py	21c0aa5d1ec7e3e8d94cd98fac643b472864fdeb051b43706636c12e7ed863e5
lavis/models/gpt_models/gpt_dialogue.py	lavis/models/gpt_models/gpt_dialogue.py	3416fbd30995b50f242294c72b522ed172b5ada7bc33a7c6ee8feb6dc12be0f7
lavis/models/img2prompt_models/__init__.py	lavis/models/img2prompt_models/__init__.py	9d12855cc5197cfd532364edd036ea3a56ba38e76a430dab3c30e46d496728e3
lavis/models/img2prompt_models/img2prompt_vqa.py	lavis/models/img2prompt_models/img2prompt_vqa.py	136c6228bf93075fd9a2d15c870d90487cdfcd5cbf16900aa60a5cb6254f1339
lavis/models/med.py	lavis/models/med.py	5857ec781f3e58e6d8c463d37902817b07fccc87d78817c84b6d1045337ab3d2
lavis/models/pnp_vqa_models/__init__.py	lavis/models/pnp_vqa_models/__init__.py	df6ee4f35f918a247cd70bdb672d4915ca2a12023f6ec9d6c6996ea677e59f69
lavis/models/pnp_vqa_models/pnp_unifiedqav2_fid.py	lavis/models/pnp_vqa_models/pnp_unifiedqav2_fid.py	446ae61c8e2fbb09e560acab11819e17e83a25c2575859cca4f070c2a5e456a0
lavis/models/pnp_vqa_models/pnp_vqa.py	lavis/models/pnp_vqa_models/pnp_vqa.py	aa85db45f05df71d5d0eab9d0e606522c5d891896b4eec4246aa5ad8c4d5c0ea
lavis/models/timesformer/__init__.py	lavis/models/timesformer/__init__.py	22761ce3315a8002006951bdd6f682e318e3274753f5351483b302c1da46fbea
lavis/models/timesformer/conv2d_same.py	lavis/models/timesformer/conv2d_same.py	7772e052c20952842174a335a195192beba134057246d6993cd81d70e16ca66c
lavis/models/timesformer/features.py	lavis/models/timesformer/features.py	aaa9456a25221e9b42ccba57b47c751c7c0671e2113bb44dc1d59fdfe5e8e8c9
lavis/models/timesformer/helpers.py	lavis/models/timesformer/helpers.py	53eb48a16909ffd99c3fbe2fd0a6a1327c421fd79741e091ca87f475a3ae1c4a
lavis/models/timesformer/linear.py	lavis/models/timesformer/linear.py	8177b9112e189da13bd659fb091cdaa6a4a9194e8a1eedbbf141100f4146b338
lavis/models/timesformer/vit.py	lavis/models/timesformer/vit.py	a1fd7e795edd6eba8793f3a104895cb3b79bd4dc82064f3e581188319f93efe5
lavis/models/timesformer/vit_utils.py	lavis/models/timesformer/vit_utils.py	eada494467dbaf354a20f6a02f731d9d812b9ff7d7a2cb86b682e26859c6137f
lavis/models/vit.py	lavis/models/vit.py	1bd9312ba2907fd505d918ef6829bf901e8b7e32e3110a8d1c611e58612a1abd
lavis/processors/__init__.py	lavis/processors/__init__.py	0453a93896d06caf55dcbd83f74f04832bbdf2111273ceb46c9dcc6ea1fa9536
lavis/processors/alpro_processors.py	lavis/processors/alpro_processors.py	01f3c0f687b33e09f31bd0ea364684bec6ce966a930ee019f5813364497ccf5b
lavis/processors/base_processor.py	lavis/processors/base_processor.py	08c0ed8b96f9a703cc03b0bfa4b44df2c05c8170aa031b03df9dd214d6943b5f
lavis/processors/blip_diffusion_processors.py	lavis/processors/blip_diffusion_processors.py	f42e19f1f44a70491f780eb8eea4f53d9b78c19f0409ee17e0345cde79cee9ff
lavis/processors/blip_processors.py	lavis/processors/blip_processors.py	0dd64eac6fb216b336b4344f1cb2b51184ed7f01228e92bbb05b1dc9ef02a6e8
lavis/processors/clip_processors.py	lavis/processors/clip_processors.py	b088bae35e3af74b5de885162b4399324b4d1992c199ba8b13902e42b84d46ac
lavis/processors/functional_video.py	lavis/processors/functional_video.py	772daa8d396bd20e7163810f4392dde4db1b811795c11193d9264af7bc604ec2
lavis/processors/gpt_processors.py	lavis/processors/gpt_processors.py	ab19ff581f0eeddcdfbe3b5425fb6988679165d025142e449927a7ed02433b2d
lavis/processors/randaugment.py	lavis/processors/randaugment.py	98d697bb1f9208c341608b9b786f64f58471224bfba7a24c79c4c9aaae0069b3
lavis/processors/transforms_video.py	lavis/processors/transforms_video.py	ff6a5f81f669eca0ee4dc2389b2175b4de03cbe8dcbcebab294296b86c835b5e
lavis/projects/albef/eval/nlvr_eval.yaml	lavis/projects/albef/eval/nlvr_eval.yaml	d056b1544bb2aa4fd48b9108650a306e4cfab2f1b0995c4221ae83ed0cc6c4c4
lavis/projects/albef/eval/ret_coco_eval.yaml	lavis/projects/albef/eval/ret_coco_eval.yaml	bbea5093776fb23d50094050fe9218d2bfbc364084c8af6f345199c6205cee0b
lavis/projects/albef/eval/ret_flickr30k_eval.yaml	lavis/projects/albef/eval/ret_flickr30k_eval.yaml	56e4de0b041e9a0280f2a3216d390f2ce000521f44bf5dfe8057104ed6d9c36d
lavis/projects/albef/eval/snli_ve_eval.yaml	lavis/projects/albef/eval/snli_ve_eval.yaml	9d1eaf5e9d3dd154e4850a1628aaa0a2df84a02348df0cba0db2dd76efa3035e
lavis/projects/albef/eval/vqa_test.yaml	lavis/projects/albef/eval/vqa_test.yaml	661f5b8d365e3a551f785a24476c8b759c33a04bc2f79628d8184004da46aaa3
lavis/projects/albef/eval/vqa_val.yaml	lavis/projects/albef/eval/vqa_val.yaml	3d4ef362d9c570ff7c54d7ea5c83cd7f7f3ba8bfe4146d992c3021d404012d43
lavis/projects/albef/train/aokvqa_ft.yaml	lavis/projects/albef/train/aokvqa_ft.yaml	69dc492468541cce14873cff092226eeddc42e0a657e634c8b937b65300e26c6
lavis/projects/albef/train/nlvr_ft.yaml	lavis/projects/albef/train/nlvr_ft.yaml	c409aec4c71bc3c9d99d47e9cd8f1b35ecf4c5de21a73c38999a99d96307bae1
lavis/projects/albef/train/okvqa_ft.yaml	lavis/projects/albef/train/okvqa_ft.yaml	ffcfdf795f8b2958f70c562e1bd48786692f5df0ad30cfae28c5b5b09be09d99
lavis/projects/albef/train/pretrain.yaml	lavis/projects/albef/train/pretrain.yaml	7788fd698e674c3b8c3847025db308205cb9bfe1b633a3d125b87d07fd76a2fa
lavis/projects/albef/train/ret_coco_ft.yaml	lavis/projects/albef/train/ret_coco_ft.yaml	e6cf678933fe67222a8989b2a6ac4f6f3a68a77996bc2d4b718ba466212245b2
lavis/projects/albef/train/ret_flickr30k_ft.yaml	lavis/projects/albef/train/ret_flickr30k_ft.yaml	3c91113400cfff5349c3d05fb251cb0ca3a29afe60c4f8bbc6f04525044f0088
lavis/projects/albef/train/snli_ve_ft.yaml	lavis/projects/albef/train/snli_ve_ft.yaml	37edc48ee389ffeb9d18bd2197a25349a87bdc3fb7a65c45fdeee49ceb3ae006
lavis/projects/albef/train/vqa_ft.yaml	lavis/projects/albef/train/vqa_ft.yaml	798bc16744a6411c1203ea6b136ecda694730983549f3e2986c696492f2febcf
lavis/projects/alpro/eval/didemo_ret_eval.yaml	lavis/projects/alpro/eval/didemo_ret_eval.yaml	a2581d331d597f39146d6612040470c38588b98c3578ef776bf05e2af8647fe9
lavis/projects/alpro/eval/msrvtt_qa_eval.yaml	lavis/projects/alpro/eval/msrvtt_qa_eval.yaml	ec3a9736817812a2f11d8f09265fc3da76495636b532e3dcbf89d6ef3adec0e7
lavis/projects/alpro/eval/msrvtt_ret_eval.yaml	lavis/projects/alpro/eval/msrvtt_ret_eval.yaml	d0fd15149e7ede15e9cd7742a2f081d938839a398d41c7b79e2e8bc5897e3644
lavis/projects/alpro/eval/msvd_qa_eval.yaml	lavis/projects/alpro/eval/msvd_qa_eval.yaml	8d3c5705a6dd869d8005eb6a98f6bc2207e73230216c35a36ed0221d268005e4
lavis/projects/alpro/train/didemo_ret_ft.yaml	lavis/projects/alpro/train/didemo_ret_ft.yaml	ef8da1c5560831b5742c97edf928d3f2dd773cb65d2f29a2fd77f06b72509684
lavis/projects/alpro/train/msrvtt_qa_ft.yaml	lavis/projects/alpro/train/msrvtt_qa_ft.yaml	d65350e797dfaf7e413dbcaab34d8cf0bf767c4cfc489802c32ec332640adfc0
lavis/projects/alpro/train/msrvtt_retrieval_ft.yaml	lavis/projects/alpro/train/msrvtt_retrieval_ft.yaml	4ec6c61839f0b0ed48c0b01b2dd2b06f7b6eaa22ab5a1c30609272ce5f4ae50a
lavis/projects/alpro/train/msvd_qa_ft.yaml	lavis/projects/alpro/train/msvd_qa_ft.yaml	5ab85d38bb86c6b4327ac4eace9d8417df612928854bc849c8ff926df27cca31
lavis/projects/blip/coco_cap_ft_iter.yaml	lavis/projects/blip/coco_cap_ft_iter.yaml	f1266181c1c94f96dc18bc8e7dde5734497dec6390ee6b141825dca002f754bc
lavis/projects/blip/eval/aokvqa_eval.yaml	lavis/projects/blip/eval/aokvqa_eval.yaml	6da06c9f2012aab8cfd4ccd20144d9bacb5ad900a449e234234b06db8f29e8bd
lavis/projects/blip/eval/caption_coco_eval.yaml	lavis/projects/blip/eval/caption_coco_eval.yaml	422117bd74cb732cd0c81db88508e17ffee8555e4e81cfaeb247d301c18c0a79
lavis/projects/blip/eval/caption_coco_eval_large.yaml	lavis/projects/blip/eval/caption_coco_eval_large.yaml	2f28b8521f1fb39c0b4171ed392dce4497f2c8531f086a4628709d0542df6bba
lavis/projects/blip/eval/nlvr_eval.yaml	lavis/projects/blip/eval/nlvr_eval.yaml	f110c7410387e147d878371f85cadab82922ec516d32fb985feb97942afa745d
lavis/projects/blip/eval/nocaps_eval.yaml	lavis/projects/blip/eval/nocaps_eval.yaml	13a0d0cf22352b11001a14958b483e9e2c5890ff34e214dd0bd620533dfb9391
lavis/projects/blip/eval/okvqa_eval.yaml	lavis/projects/blip/eval/okvqa_eval.yaml	459df9c4cf6d081845265fc754b745f173eba2ea775c97db14e14628bcd4e6a6
lavis/projects/blip/eval/ret_coco_eval.yaml	lavis/projects/blip/eval/ret_coco_eval.yaml	8c2aaee676983ded57fee47d834fc1bde0b351be7328c0f00d46a67fc9e42328
lavis/projects/blip/eval/ret_flickr_eval.yaml	lavis/projects/blip/eval/ret_flickr_eval.yaml	39bd2c754f0599c50a9bfe82734e8df9f70fff3f36db2751f4f32674b58d55a3
lavis/projects/blip/eval/vqav2_eval.yaml	lavis/projects/blip/eval/vqav2_eval.yaml	5926b4c827954f0173bb4efedd77b096ae39925036bb292838715c698dfc4f63
lavis/projects/blip/train/aokvqa_ft.yaml	lavis/projects/blip/train/aokvqa_ft.yaml	d4b347187f7aaf3a902504ff873a439309811642f759cf632467b6b151e07b9e
lavis/projects/blip/train/caption_coco_ft.yaml	lavis/projects/blip/train/caption_coco_ft.yaml	50c0aefa5c3565c73f851af72e2cff56989f5083329e0382b77c1a7389ef77af
lavis/projects/blip/train/caption_coco_large_ft.yaml	lavis/projects/blip/train/caption_coco_large_ft.yaml	9426e3ed5b273c9114e37d8088500f30b2044a07c4c1179ad173f34cacf544bf
lavis/projects/blip/train/nlvr_ft.yaml	lavis/projects/blip/train/nlvr_ft.yaml	5885f6e5be31e24bd0706d7091a7256674888447823e284bb1511a050c52078f
lavis/projects/blip/train/okvqa_ft.yaml	lavis/projects/blip/train/okvqa_ft.yaml	0c2fb7a002c9323ea5562721f00c8950322b69348d4a3631d2b84165bbcd5bbd
lavis/projects/blip/train/pretrain_14m.yaml	lavis/projects/blip/train/pretrain_14m.yaml	7e1f4d69bba0d8a15341390f1a384becb0ac507fba30faed90beeb551bc8e06c
lavis/projects/blip/train/retrieval_coco_ft.yaml	lavis/projects/blip/train/retrieval_coco_ft.yaml	160a9162441e55fefda4367e41cbd1dd69c027f9ff8b3f5a375dd37e32f3a618
lavis/projects/blip/train/retrieval_flickr_ft.yaml	lavis/projects/blip/train/retrieval_flickr_ft.yaml	13bf249caadc08da2f26fe5794bd70d3195455415e95da9e0ae22a3aa2364f68
lavis/projects/blip/train/vqav2_ft.yaml	lavis/projects/blip/train/vqav2_ft.yaml	11612dd955bec544c55f892a51871f69a4113f0bb3c3497bfce5a46999b9b5a3
lavis/projects/blip2/eval/caption_coco_flant5xl_eval.yaml	lavis/projects/blip2/eval/caption_coco_flant5xl_eval.yaml	e3b0c44298fc1c149afbf4c8996fb92427ae41e4649b934ca495991b7852b855
lavis/projects/blip2/eval/caption_coco_opt2.7b_eval.yaml	lavis/projects/blip2/eval/caption_coco_opt2.7b_eval.yaml	753a2ea9d8a0227adfe134cf2849f4401e8fc8f12ee396610d29853d48e515d4
lavis/projects/blip2/eval/caption_coco_opt6.7b_eval.yaml	lavis/projects/blip2/eval/caption_coco_opt6.7b_eval.yaml	34ce701a601d0947a8b155d5adab30b3aa1336ecfccfed4eb7f17400b1500116
lavis/projects/blip2/eval/gqa_zeroshot_flant5xl_eval.yaml	lavis/projects/blip2/eval/gqa_zeroshot_flant5xl_eval.yaml	b6f279e61a4a989a8c630132ed6576de0bc18c12aaba1d6e8d88988727a91ec9
lavis/projects/blip2/eval/okvqa_zeroshot_flant5xl_eval.yaml	lavis/projects/blip2/eval/okvqa_zeroshot_flant5xl_eval.yaml	ffc482146746af327ddfb6adf6ed5603a92736cffea88266b25615faae9c4125
lavis/projects/blip2/eval/ret_coco_eval.yaml	lavis/projects/blip2/eval/ret_coco_eval.yaml	ec011fbd3a4c51abecca6ef5ed9a4d34d1837e39f69e7fb2c6b508bcd224dbd3
lavis/projects/blip2/eval/ret_flickr_eval.yaml	lavis/projects/blip2/eval/ret_flickr_eval.yaml	65b6b55391ef8125886185c69f2ce1463933b30d2612f139962a69f3ce6617c5
lavis/projects/blip2/eval/vqav2_zeroshot_flant5xl_eval.yaml	lavis/projects/blip2/eval/vqav2_zeroshot_flant5xl_eval.yaml	4df1e91ee8389bc642b8530cf3d2da96e5d132b142f7768b194950d353cf0145
lavis/projects/blip2/eval/vqav2_zeroshot_opt_eval.yaml	lavis/projects/blip2/eval/vqav2_zeroshot_opt_eval.yaml	32e0ce3c0bf86bd500578f4145ca163563ed04b5576629b5c8fe5d71c0a9b06e
lavis/projects/blip2/train/caption_coco_ft.yaml	lavis/projects/blip2/train/caption_coco_ft.yaml	268890cfa42ad9fb4700ba7e5e973647f874c097fe870758421fd2775d361f50
lavis/projects/blip2/train/pretrain_stage1.yaml	lavis/projects/blip2/train/pretrain_stage1.yaml	9cd525dabc0026e85cafebde8cf30be2ad1547897641003d350d8ddf314ca794
lavis/projects/blip2/train/pretrain_stage2.yaml	lavis/projects/blip2/train/pretrain_stage2.yaml	e7bc2a04c05771801f80529f94140f23b7e9ae2bdcc28815abab1159ec716546
lavis/projects/blip2/train/retrieval_coco_ft.yaml	lavis/projects/blip2/train/retrieval_coco_ft.yaml	91c39364f1b782cea07fa5ef5db3da9a241c1bf3277692b611fd26c4084989da
lavis/projects/blip_diffusion/finetune-db-dog.yaml	lavis/projects/blip_diffusion/finetune-db-dog.yaml	81e65ed5a6f56ae303a15ce02ce94d24ff0dca408d8f8e0a32ba111e5d730146
lavis/projects/blip_diffusion/finetune-db-pink-dress.yaml	lavis/projects/blip_diffusion/finetune-db-pink-dress.yaml	e2d670521fd923c5093af34b91d0ec166b89dd3df627e5cc463097ddbd6eed50
lavis/projects/blip_diffusion/finetune-db-shein-jacket.yaml	lavis/projects/blip_diffusion/finetune-db-shein-jacket.yaml	69c5a8e6a1461d74c42463e664c195e76574dcbba13c3e5e2684eee6c9a16725
lavis/projects/blip_diffusion/finetune-db-template.yaml	lavis/projects/blip_diffusion/finetune-db-template.yaml	5f0dcad71085bf6a8062a2be7926d8ffb572c02375886f7bf9d6a998190ccdf3
lavis/projects/clip/exp_coco_ret_eval.yaml	lavis/projects/clip/exp_coco_ret_eval.yaml	8c6bbdefb429a0d3ac303c2c0d6296100e5e0b6326dafb1d1927e897aa07eea1
lavis/projects/clip/exp_flickr_ret_eval.yaml	lavis/projects/clip/exp_flickr_ret_eval.yaml	e8fd5dfe149b00d282bc9c7dc42501369e27b05dbf8d67250b1bd6ac2e3ca8b6
lavis/projects/clip/exp_imnet_zs_eval.yaml	lavis/projects/clip/exp_imnet_zs_eval.yaml	f304b6cfc7365eab859fe1ffda61b7eb8686259abb21764fe51715453eff0f80
lavis/projects/gpt/eval/dialogue_avsd_eval.yaml	lavis/projects/gpt/eval/dialogue_avsd_eval.yaml	09bf1bd2e29cfe9922781ff194eb23c9a1f44fff47c50fc594057f24052f1b06
lavis/projects/gpt/train/dialogue_avsd_ft.yaml	lavis/projects/gpt/train/dialogue_avsd_ft.yaml	c73e1fb8b203d649f8af9bd7fbea357aa20c302e90e0e8462d802d7ae83756f3
lavis/projects/pnp-vqa/eval/gqa_eval.yaml	lavis/projects/pnp-vqa/eval/gqa_eval.yaml	7d9285b06a927bff994da7671bfe62c05bf4f3a38d42d1aff05543a841dbbe25
lavis/projects/pnp-vqa/eval/gqa_eval_3b.yaml	lavis/projects/pnp-vqa/eval/gqa_eval_3b.yaml	0dad2bd8c70e213bf356e5e63cbe736e3407b92abcaf2bdccb04d6420babc383
lavis/projects/pnp-vqa/eval/gqa_eval_large.yaml	lavis/projects/pnp-vqa/eval/gqa_eval_large.yaml	f2b3980598d0e1cb6a56218a90e3a7c45e98e69241f50649eec13db0f07819ee
lavis/projects/pnp-vqa/eval/okvqa_eval.yaml	lavis/projects/pnp-vqa/eval/okvqa_eval.yaml	cd5977817014d165f084cf5a005321a9cbeeac935b6f72b0a315d9a1be3f7136
lavis/projects/pnp-vqa/eval/okvqa_eval_3b.yaml	lavis/projects/pnp-vqa/eval/okvqa_eval_3b.yaml	5bfde5c7c98d1dabb57e5ca4ffe8ccf6e9331a5a08b5d7d8cb3cbd9c8f851a37
lavis/projects/pnp-vqa/eval/okvqa_eval_large.yaml	lavis/projects/pnp-vqa/eval/okvqa_eval_large.yaml	82499d6f21c47ac87872da981dde5ae2143bf1596f4be9e707842d6f26bea280
lavis/projects/pnp-vqa/eval/vqav2_eval.yaml	lavis/projects/pnp-vqa/eval/vqav2_eval.yaml	56be098795c10dba8351238e1b8440ce77db04679eb44249d88d0182df498ff9
lavis/projects/pnp-vqa/eval/vqav2_eval_3b.yaml	lavis/projects/pnp-vqa/eval/vqav2_eval_3b.yaml	39a7064ff4f174d6302babfc80a15cf095eb000d2dc5c5ac92a041c3199c85ff
lavis/projects/pnp-vqa/eval/vqav2_eval_large.yaml	lavis/projects/pnp-vqa/eval/vqav2_eval_large.yaml	a3c84f9743aa5e3d019de9f3de1ca6a6f4f046b0fc35bb8443aa3093e9455324
lavis/projects/pnp-vqa/eval/vqav2_test_eval.yaml	lavis/projects/pnp-vqa/eval/vqav2_test_eval.yaml	747da84e24943d4c451462b5380e0f2ed2511e635fc30d67a72484b2b8a0de0b
lavis/projects/pnp-vqa/eval/vqav2_test_eval_3b.yaml	lavis/projects/pnp-vqa/eval/vqav2_test_eval_3b.yaml	c7c84ec6f1eeff00e62a3990b7e42905f839bc2cba73c2a70fbbc636c46f27f0
lavis/projects/pnp-vqa/eval/vqav2_test_eval_large.yaml	lavis/projects/pnp-vqa/eval/vqav2_test_eval_large.yaml	240e33ee7b8091a6f0cc759890b82c200b2961ac4b22e10706ce51f6f684243a
lavis/runners/__init__.py	lavis/runners/__init__.py	8238988606d4de9eae8675f436b0943b3318d9de318bb2636570404c84164c10
lavis/runners/runner_base.py	lavis/runners/runner_base.py	b8d77bdaa06ccffb561d34716b4d63c240c3098428eff2020d7dcf75001a93d6
lavis/runners/runner_iter.py	lavis/runners/runner_iter.py	5b668aa326f461d699390edb8374504fd7ed5198e784bc8760a500a596ead699
lavis/tasks/__init__.py	lavis/tasks/__init__.py	309f2f2f42703d7186a860fc888f340b7ece049a859e57bf101ada8fd36a0924
lavis/tasks/base_task.py	lavis/tasks/base_task.py	d6ddcaa4ce0a656662f0d879f0ec13d6bb62280380ed8542de87b80bbe8c44ba
lavis/tasks/captioning.py	lavis/tasks/captioning.py	feebaeffc70eea1b5eb6832299d8ebc52fbad7cb6aedf4ef1f2cf5474e626111
lavis/tasks/dialogue.py	lavis/tasks/dialogue.py	514ed9b2b3fc033cfd12858643edb8e619a96539b154f7491098038aa916e20f
lavis/tasks/image_text_pretrain.py	lavis/tasks/image_text_pretrain.py	a9353c27e3e19dddfc3a5c1230e3d96b48fc7847e32af0b1e59d61ab941647c7
lavis/tasks/multimodal_classification.py	lavis/tasks/multimodal_classification.py	9c52dee7416b923e5bd8e0a15a9aebbedcfa84fd7a2a677598e5cc437c0a0544
lavis/tasks/retrieval.py	lavis/tasks/retrieval.py	dc43b8ba0b9ae99526cd0fd8edb054202a342b540b3e421d4dc017ed60d83bb5
lavis/tasks/text_to_image_generation.py	lavis/tasks/text_to_image_generation.py	6757e10ecca89764021d078231c03947e27dc39e74318acbe7ad7850477b5b78
lavis/tasks/vqa.py	lavis/tasks/vqa.py	49a0c6f30dc824805176e01221f2a471810c46af986ce765a3d682c43fe5edd1
lavis/tasks/vqa_reading_comprehension.py	lavis/tasks/vqa_reading_comprehension.py	426e33ad2f7cd7e875d6db1fa066d5fda0ed96516e8d45da0cf97d061e1cf52e
tinyllava/utils_tinyllava.py	tinyllava/utils_tinyllava.py	cf8fdc2a2b01bfbdc6bf9ebe2b0c3a56ac9ec74ce024959325ba4726201e226b
experiments_v3/assets/ascd_pos0625/contrastive_config.yaml	experiments_v3/assets/ascd_pos0625/contrastive_config.yaml	b36dc536d73e5495156164c2c5a7282e65dddf305e5369bdd14a4213d51ff84e
experiments_v3/assets/ascd_pos0625/contrastive_decoding.yaml	experiments_v3/assets/ascd_pos0625/contrastive_decoding.yaml	5b97cc09eb6602a7153e3258696a268f1fcf276b64b55273303f6a95d2a07759
experiments_v3/assets/ascd_pos0625/direct_steer_config.yaml	experiments_v3/assets/ascd_pos0625/direct_steer_config.yaml	7e5fb374081bcfffb096f53462ddd27df1af2ca871d03796717813c3a5acf391
experiments_v3/assets/qwen25vl_cc594898_local_top64_fixed/contrastive_config.yaml	experiments_v3/assets/qwen25vl_cc594898_local_top64_fixed/contrastive_config.yaml	e509bb133bf4c94915f08cc54738856642757b7beac9038898a6317e07fb452b
experiments_v3/assets/qwen25vl_cc594898_local_top64_fixed/contrastive_decoding.yaml	experiments_v3/assets/qwen25vl_cc594898_local_top64_fixed/contrastive_decoding.yaml	5d28ac6fb0c449fafb40e2120839557126a3b1a722c4bc3a3836ea13f92ee93c
experiments_v3/assets/qwen25vl_cc594898_local_top64_fixed/direct_steer_config.yaml	experiments_v3/assets/qwen25vl_cc594898_local_top64_fixed/direct_steer_config.yaml	3e9110778538a3615484d0046112cb55614f1e715b8f702cdb3d60b65c48dc51
